{"stats":{"minecraft:custom":{"minecraft:time_since_rest":484,"minecraft:deaths":2,"minecraft:play_time":17790,"minecraft:sprint_one_cm":31360,"minecraft:damage_taken":535,"minecraft:walk_one_cm":60626,"minecraft:jump":224,"minecraft:damage_dealt":218,"minecraft:time_since_death":400,"minecraft:walk_on_water_one_cm":896,"minecraft:total_world_time":17790,"minecraft:fall_one_cm":3169,"minecraft:fly_one_cm":10551},"minecraft:used":{"minecraft:iron_pickaxe":104,"minecraft:cobbled_deepslate":8},"minecraft:mined":{"minecraft:short_grass":8,"minecraft:deepslate_redstone_ore":14,"minecraft:poppy":1,"minecraft:deepslate_iron_ore":29,"minecraft:deepslate_diamond_ore":4,"minecraft:deepslate_gold_ore":7,"minecraft:dandelion":2,"minecraft:oxeye_daisy":1,"minecraft:deepslate":41,"minecraft:azure_bluet":1,"minecraft:cornflower":1,"minecraft:deepslate_copper_ore":9},"minecraft:killed_by":{"minecraft:skeleton":2},"minecraft:picked_up":{"minecraft:raw_copper":26,"minecraft:raw_iron":29,"minecraft:azure_bluet":1,"minecraft:arrow":2,"minecraft:diamond":5,"minecraft:dandelion":2,"minecraft:cobbled_deepslate":46,"minecraft:raw_gold":7,"minecraft:gravel":3,"minecraft:iron_ingot":3,"minecraft:poppy":1,"minecraft:iron_pickaxe":1,"minecraft:redstone":62,"minecraft:cornflower":1,"minecraft:oxeye_daisy":1}},"DataVersion":3953}