{"stats":{"minecraft:killed_by":{"minecraft:enderman":1},"minecraft:killed":{"minecraft:cave_spider":1,"minecraft:zombified_piglin":20,"minecraft:spider":3,"minecraft:skeleton":7,"minecraft:chicken":3,"minecraft:magma_cube":17,"minecraft:piglin":1,"minecraft:iron_golem":1,"minecraft:creeper":1,"minecraft:sheep":3,"minecraft:zombie":9,"minecraft:wither_skeleton":6,"minecraft:blaze":13,"minecraft:enderman":8},"minecraft:custom":{"minecraft:mob_kills":93,"minecraft:inspect_hopper":1,"minecraft:interact_with_crafting_table":53,"minecraft:open_barrel":14,"minecraft:fill_cauldron":2,"minecraft:leave_game":7,"minecraft:climb_one_cm":2172,"minecraft:time_since_death":334051,"minecraft:sprint_one_cm":522131,"minecraft:walk_one_cm":1056057,"minecraft:damage_blocked_by_shield":3176,"minecraft:drop":81,"minecraft:talked_to_villager":5,"minecraft:deaths":2,"minecraft:play_time":402196,"minecraft:sneak_time":1754,"minecraft:walk_under_water_one_cm":8619,"minecraft:interact_with_brewingstand":1,"minecraft:jump":2764,"minecraft:walk_on_water_one_cm":38280,"minecraft:total_world_time":402196,"minecraft:interact_with_furnace":25,"minecraft:interact_with_grindstone":4,"minecraft:sleep_in_bed":1,"minecraft:time_since_rest":292352,"minecraft:damage_taken":4585,"minecraft:damage_dealt":16996,"minecraft:fly_one_cm":150892,"minecraft:open_chest":112,"minecraft:crouch_one_cm":618,"minecraft:fall_one_cm":109830},"minecraft:used":{"minecraft:moss_block":1,"minecraft:tropical_fish":1,"minecraft:armor_stand":1,"minecraft:redstone":72,"minecraft:oak_sign":5,"minecraft:chest":11,"minecraft:shield":69,"minecraft:iron_sword":229,"minecraft:cooked_chicken":3,"minecraft:rotten_flesh":2,"minecraft:stone_hoe":25,"minecraft:netherrack":45,"minecraft:torch":15,"minecraft:warped_wart_block":1,"minecraft:brewing_stand":1,"minecraft:dirt":69,"minecraft:hopper":7,"minecraft:shroomlight":1,"minecraft:iron_axe":49,"minecraft:iron_helmet":1,"minecraft:hopper_minecart":17,"minecraft:barrel":6,"minecraft:repeater":7,"minecraft:bow":10,"minecraft:furnace":10,"minecraft:observer":13,"minecraft:powder_snow_bucket":2,"minecraft:cooked_beef":29,"minecraft:iron_leggings":1,"minecraft:cobbled_deepslate":12,"minecraft:golden_boots":1,"minecraft:water_bucket":36,"minecraft:stone_pickaxe":164,"minecraft:powered_rail":37,"minecraft:copper_block":4,"minecraft:wooden_pickaxe":38,"minecraft:redstone_block":14,"minecraft:sugar_cane":60,"minecraft:cauldron":1,"minecraft:glow_berries":12,"minecraft:rail":71,"minecraft:blast_furnace":1,"minecraft:crafting_table":10,"minecraft:white_bed":1,"minecraft:pumpkin_seeds":24,"minecraft:redstone_torch":20,"minecraft:sticky_piston":6,"minecraft:lever":8,"minecraft:piston":13,"minecraft:diamond_pickaxe":2788,"minecraft:bread":30,"minecraft:iron_pickaxe":688,"minecraft:polished_granite":46,"minecraft:diamond_sword":222,"minecraft:cobblestone":38,"minecraft:grindstone":1,"minecraft:bucket":36,"minecraft:andesite":333},"minecraft:picked_up":{"minecraft:crafting_table":9,"minecraft:redstone_block":12,"minecraft:chicken":3,"minecraft:nether_wart":60,"minecraft:clay_ball":16,"minecraft:diamond_sword":1,"minecraft:brewing_stand":1,"minecraft:golden_sword":1,"minecraft:shield":1,"minecraft:string":83,"minecraft:raw_copper":389,"minecraft:iron_axe":1,"minecraft:iron_leggings":1,"minecraft:armor_stand":1,"minecraft:sticky_piston":7,"minecraft:blackstone":70,"minecraft:shroomlight":1,"minecraft:oak_sign":2,"minecraft:gold_nugget":160,"minecraft:cobbled_deepslate":131,"minecraft:redstone_torch":23,"minecraft:observer":9,"minecraft:iron_nugget":108,"minecraft:iron_pickaxe":3,"minecraft:hopper_minecart":14,"minecraft:sugar_cane":104,"minecraft:chest":8,"minecraft:birch_sapling":2,"minecraft:piston":9,"minecraft:furnace":8,"minecraft:stick":8,"minecraft:raw_iron":31,"minecraft:stone":1,"minecraft:torch":22,"minecraft:fire_charge":2,"minecraft:pointed_dripstone":4,"minecraft:diorite":188,"minecraft:warped_planks":42,"minecraft:redstone":231,"minecraft:cauldron":1,"minecraft:dark_oak_planks":2,"minecraft:arrow":6,"minecraft:rotten_flesh":14,"minecraft:tropical_fish":1,"minecraft:nether_bricks":2,"minecraft:diamond_boots":1,"minecraft:hay_block":10,"minecraft:gold_ingot":35,"minecraft:blaze_rod":6,"minecraft:glow_berries":12,"minecraft:mutton":10,"minecraft:rail":68,"minecraft:white_wool":3,"minecraft:cobblestone":1263,"minecraft:magma_cream":3,"minecraft:feather":3,"minecraft:cooked_beef":25,"minecraft:repeater":5,"minecraft:glow_ink_sac":9,"minecraft:andesite":755,"minecraft:leather":12,"minecraft:copper_block":2,"minecraft:powder_snow_bucket":2,"minecraft:crimson_fungus":3,"minecraft:golden_boots":1,"minecraft:lapis_lazuli":128,"minecraft:dirt":69,"minecraft:polished_granite":7,"minecraft:bone":10,"minecraft:apple":8,"minecraft:bow":1,"minecraft:raw_gold":15,"minecraft:warped_stem":11,"minecraft:iron_ingot":9,"minecraft:grindstone":2,"minecraft:diamond_helmet":3,"minecraft:powered_rail":32,"minecraft:moss_block":3,"minecraft:iron_sword":1,"minecraft:oak_planks":62,"minecraft:flowering_azalea":9,"minecraft:soul_sand":40,"minecraft:book":18,"minecraft:warped_fungus":196,"minecraft:pumpkin":79,"minecraft:quartz":179,"minecraft:warped_wart_block":3,"minecraft:dandelion":4,"minecraft:dripstone_block":19,"minecraft:blast_furnace":1,"minecraft:white_bed":1,"minecraft:crying_obsidian":16,"minecraft:spectral_arrow":17,"minecraft:dark_oak_log":3,"minecraft:spider_eye":2,"minecraft:barrel":5,"minecraft:slime_block":4,"minecraft:lever":4,"minecraft:iron_helmet":1,"minecraft:granite":52,"minecraft:warped_roots":72,"minecraft:emerald":1,"minecraft:oak_sapling":6,"minecraft:netherrack":460,"minecraft:warped_nylium":3,"minecraft:coal":136,"minecraft:hopper":7,"minecraft:diamond_pickaxe":2,"minecraft:ender_pearl":25},"minecraft:broken":{"minecraft:shield":1,"minecraft:iron_sword":1,"minecraft:iron_pickaxe":3},"minecraft:mined":{"minecraft:nether_gold_ore":38,"minecraft:farmland":1,"minecraft:dark_oak_leaves":1,"minecraft:dark_oak_log":3,"minecraft:nether_bricks":11,"minecraft:brewing_stand":1,"minecraft:granite":6,"minecraft:cave_vines_plant":2,"minecraft:lever":4,"minecraft:grass_block":13,"minecraft:redstone_wire":51,"minecraft:hopper":6,"minecraft:moss_block":2,"minecraft:crimson_fungus":1,"minecraft:nether_wart":23,"minecraft:oak_wall_sign":1,"minecraft:hay_block":10,"minecraft:magma_block":8,"minecraft:furnace":8,"minecraft:fire":10,"minecraft:nether_sprouts":5,"minecraft:iron_ore":19,"minecraft:sticky_piston":6,"minecraft:barrel":5,"minecraft:andesite":618,"minecraft:pumpkin":35,"minecraft:nether_brick_fence":1,"minecraft:deepslate_iron_ore":5,"minecraft:oak_sign":1,"minecraft:cave_vines":4,"minecraft:shroomlight":2,"minecraft:rail":45,"minecraft:warped_stem":11,"minecraft:stone":1433,"minecraft:redstone_wall_torch":11,"minecraft:deepslate_redstone_ore":12,"minecraft:redstone_block":12,"minecraft:flowering_azalea":3,"minecraft:soul_sand":40,"minecraft:powder_snow_cauldron":1,"minecraft:observer":9,"minecraft:polished_granite":7,"minecraft:clay":1,"minecraft:crafting_table":8,"minecraft:torch":5,"minecraft:blast_furnace":1,"minecraft:warped_roots":20,"minecraft:chest":8,"minecraft:tall_grass":1,"minecraft:nether_quartz_ore":158,"minecraft:copper_ore":78,"minecraft:cobblestone":31,"minecraft:wall_torch":4,"minecraft:deepslate_gold_ore":13,"minecraft:oak_planks":17,"minecraft:grindstone":1,"minecraft:sugar_cane":28,"minecraft:diorite":228,"minecraft:warped_wart_block":1,"minecraft:deepslate_copper_ore":3,"minecraft:warped_nylium":9,"minecraft:repeater":5,"minecraft:powered_rail":22,"minecraft:redstone_torch":7,"minecraft:birch_leaves":1,"minecraft:pumpkin_stem":2,"minecraft:warped_fungus":48,"minecraft:copper_block":2,"minecraft:grass":10,"minecraft:coal_ore":75,"minecraft:dirt":51,"minecraft:cobweb":24,"minecraft:netherrack":425,"minecraft:gold_ore":2,"minecraft:piston":9,"minecraft:deepslate":177},"minecraft:crafted":{"minecraft:oak_sign":3,"minecraft:barrel":1,"minecraft:cooked_chicken":3,"minecraft:furnace":2,"minecraft:piston":4,"minecraft:lever":4,"minecraft:warped_planks":44,"minecraft:hopper":1,"minecraft:repeater":2,"minecraft:bow":1,"minecraft:iron_axe":1,"minecraft:stone_pickaxe":1,"minecraft:chest":3,"minecraft:copper_block":2,"minecraft:redstone_block":2,"minecraft:rail":16,"minecraft:dark_oak_planks":12,"minecraft:stone_hoe":1,"minecraft:wheat":90,"minecraft:golden_boots":1,"minecraft:minecart":1,"minecraft:observer":4,"minecraft:oak_slab":6,"minecraft:diamond_sword":1,"minecraft:crafting_table":3,"minecraft:wooden_pickaxe":1,"minecraft:powered_rail":6,"minecraft:iron_helmet":1,"minecraft:iron_sword":1,"minecraft:hopper_minecart":1,"minecraft:bucket":1,"minecraft:pumpkin_seeds":24,"minecraft:bread":30,"minecraft:diamond_pickaxe":1,"minecraft:shield":1,"minecraft:stick":40,"minecraft:iron_pickaxe":2,"minecraft:iron_ingot":21,"minecraft:gold_ingot":22,"minecraft:iron_leggings":1,"minecraft:white_bed":1,"minecraft:redstone_torch":1,"minecraft:torch":16,"minecraft:shears":1},"minecraft:dropped":{"minecraft:crafting_table":1,"minecraft:cobblestone":8,"minecraft:rail":14,"minecraft:stick":6,"minecraft:dirt":5,"minecraft:diamond_helmet":2,"minecraft:iron_pickaxe":2,"minecraft:dark_oak_planks":3,"minecraft:gold_ingot":22,"minecraft:cobbled_deepslate":7,"minecraft:rotten_flesh":8,"minecraft:clay_ball":8,"minecraft:oak_planks":1,"minecraft:white_bed":1,"minecraft:nether_bricks":2,"minecraft:diamond_sword":1,"minecraft:diamond_pickaxe":2,"minecraft:andesite":68,"minecraft:chest":1,"minecraft:powered_rail":1,"minecraft:stone_pickaxe":1,"minecraft:warped_wart_block":2,"minecraft:netherrack":1}},"DataVersion":3465}