{"stats":{"minecraft:custom":{"minecraft:time_since_rest":5790,"minecraft:play_time":5790,"minecraft:sprint_one_cm":3332,"minecraft:damage_taken":10,"minecraft:walk_one_cm":15703,"minecraft:jump":44,"minecraft:time_since_death":5790,"minecraft:walk_on_water_one_cm":603,"minecraft:total_world_time":5790,"minecraft:fall_one_cm":841,"minecraft:fly_one_cm":1882},"minecraft:used":{"minecraft:iron_pickaxe":7},"minecraft:mined":{"minecraft:short_grass":8,"minecraft:deepslate_redstone_ore":5,"minecraft:poppy":1,"minecraft:dandelion":2,"minecraft:oxeye_daisy":1,"minecraft:deepslate":2,"minecraft:azure_bluet":1,"minecraft:cornflower":1},"minecraft:picked_up":{"minecraft:azure_bluet":1,"minecraft:dandelion":2,"minecraft:cobbled_deepslate":2,"minecraft:iron_ingot":3,"minecraft:poppy":1,"minecraft:iron_pickaxe":1,"minecraft:redstone":23,"minecraft:cornflower":1,"minecraft:oxeye_daisy":1}},"DataVersion":3953}