{"stats":{"minecraft:used":{"minecraft:moss_block":1,"minecraft:iron_shovel":16,"minecraft:diamond_hoe":266,"minecraft:elytra":1,"minecraft:oak_sign":5,"minecraft:chest":15,"minecraft:shield":69,"minecraft:iron_sword":229,"minecraft:nether_wart":66,"minecraft:rotten_flesh":11,"minecraft:soul_sand":65,"minecraft:carrot":168,"minecraft:polished_andesite_stairs":19,"minecraft:iron_helmet":1,"minecraft:hopper_minecart":17,"minecraft:item_frame":10,"minecraft:repeater":7,"minecraft:bow":10,"minecraft:sweet_berries":19,"minecraft:furnace":10,"minecraft:egg":5,"minecraft:golden_boots":1,"minecraft:diorite":4,"minecraft:diamond_boots":2,"minecraft:stone_pickaxe":164,"minecraft:powered_rail":37,"minecraft:ender_pearl":3,"minecraft:wooden_pickaxe":38,"minecraft:sandstone":5,"minecraft:redstone_block":14,"minecraft:composter":1,"minecraft:sugar_cane":60,"minecraft:purpur_pillar":1,"minecraft:glow_berries":12,"minecraft:sand":10,"minecraft:purpur_stairs":1,"minecraft:blast_furnace":1,"minecraft:end_stone":1,"minecraft:pumpkin_seeds":27,"minecraft:redstone_torch":22,"minecraft:sticky_piston":6,"minecraft:lever":13,"minecraft:firework_rocket":40,"minecraft:bread":45,"minecraft:polished_granite":69,"minecraft:deepslate":1,"minecraft:diamond_sword":1426,"minecraft:grindstone":1,"minecraft:andesite":334,"minecraft:tropical_fish":1,"minecraft:armor_stand":1,"minecraft:stone_shovel":133,"minecraft:redstone":72,"minecraft:stone_hoe":78,"minecraft:cooked_chicken":5,"minecraft:netherrack":77,"minecraft:oak_door":3,"minecraft:torch":45,"minecraft:brewing_stand":3,"minecraft:warped_wart_block":1,"minecraft:dirt":171,"minecraft:hopper":7,"minecraft:cobblestone_wall":8,"minecraft:diamond_helmet":9,"minecraft:granite":5,"minecraft:polished_diorite":33,"minecraft:shroomlight":1,"minecraft:iron_axe":49,"minecraft:smooth_sandstone":12,"minecraft:barrel":6,"minecraft:diamond_chestplate":3,"minecraft:observer":13,"minecraft:cooked_beef":78,"minecraft:powder_snow_bucket":2,"minecraft:cobbled_deepslate":12,"minecraft:iron_leggings":1,"minecraft:wheat_seeds":36,"minecraft:cooked_mutton":9,"minecraft:water_bucket":92,"minecraft:glass_bottle":6,"minecraft:polished_andesite":11,"minecraft:copper_block":4,"minecraft:cauldron":3,"minecraft:salmon":1,"minecraft:rail":71,"minecraft:crafting_table":11,"minecraft:white_bed":1,"minecraft:oak_log":14,"minecraft:piston":13,"minecraft:diamond_pickaxe":5895,"minecraft:iron_pickaxe":688,"minecraft:stone_axe":38,"minecraft:cobblestone":285,"minecraft:potion":7,"minecraft:bucket":93,"minecraft:pumpkin_pie":2,"minecraft:soul_torch":12,"minecraft:diamond_leggings":3},"minecraft:broken":{"minecraft:iron_sword":1,"minecraft:stone_shovel":1,"minecraft:shield":1,"minecraft:iron_pickaxe":3},"minecraft:picked_up":{"minecraft:shulker_shell":4,"minecraft:seagrass":5,"minecraft:wheat":34,"minecraft:redstone_block":12,"minecraft:diamond_sword":5,"minecraft:nether_brick":16,"minecraft:brewing_stand":3,"minecraft:golden_sword":1,"minecraft:amethyst_block":10,"minecraft:string":84,"minecraft:raw_copper":626,"minecraft:iron_leggings":1,"minecraft:armor_stand":1,"minecraft:sticky_piston":7,"minecraft:shroomlight":1,"minecraft:oak_sign":3,"minecraft:diamond_leggings":2,"minecraft:gold_nugget":196,"minecraft:cobbled_deepslate":131,"minecraft:bucket":2,"minecraft:redstone_torch":27,"minecraft:rose_bush":7,"minecraft:calcite":8,"minecraft:hopper_minecart":14,"minecraft:iron_pickaxe":3,"minecraft:furnace":8,"minecraft:stick":117,"minecraft:composter":1,"minecraft:purpur_pillar":1,"minecraft:torch":31,"minecraft:porkchop":36,"minecraft:pointed_dripstone":16,"minecraft:diorite":231,"minecraft:warped_planks":48,"minecraft:cauldron":3,"minecraft:rotten_flesh":28,"minecraft:tropical_fish":1,"minecraft:end_rod":1,"minecraft:blaze_rod":36,"minecraft:iron_bars":10,"minecraft:cobblestone":1945,"minecraft:birch_log":2,"minecraft:feather":15,"minecraft:cooked_beef":25,"minecraft:magma_cream":3,"minecraft:repeater":5,"minecraft:iron_door":2,"minecraft:andesite":772,"minecraft:powder_snow_bucket":2,"minecraft:copper_block":2,"minecraft:potato":12,"minecraft:lapis_lazuli":153,"minecraft:dirt":236,"minecraft:polished_granite":35,"minecraft:bone":25,"minecraft:bow":4,"minecraft:orange_tulip":6,"minecraft:wheat_seeds":68,"minecraft:raw_gold":15,"minecraft:grindstone":2,"minecraft:diamond_helmet":8,"minecraft:glowstone_dust":37,"minecraft:powered_rail":32,"minecraft:moss_block":9,"minecraft:oak_planks":65,"minecraft:warped_wart_block":3,"minecraft:sand":13,"minecraft:ink_sac":18,"minecraft:spectral_arrow":17,"minecraft:dark_oak_log":3,"minecraft:barrel":5,"minecraft:deepslate":3,"minecraft:diamond":12,"minecraft:slime_block":4,"minecraft:lever":9,"minecraft:granite":83,"minecraft:emerald":17,"minecraft:chorus_fruit":13,"minecraft:oak_sapling":13,"minecraft:netherrack":653,"minecraft:crimson_roots":1,"minecraft:diamond_pickaxe":8,"minecraft:crafting_table":9,"minecraft:chicken":5,"minecraft:nether_wart":129,"minecraft:clay_ball":16,"minecraft:brown_mushroom":14,"minecraft:shield":1,"minecraft:cornflower":3,"minecraft:elytra":3,"minecraft:iron_axe":1,"minecraft:item_frame":5,"minecraft:blackstone":70,"minecraft:candle":10,"minecraft:beef":9,"minecraft:observer":9,"minecraft:iron_nugget":108,"minecraft:poppy":3,"minecraft:sugar_cane":104,"minecraft:chest":11,"minecraft:birch_sapling":8,"minecraft:piston":9,"minecraft:egg":6,"minecraft:raw_iron":64,"minecraft:sandstone":6,"minecraft:end_stone":14,"minecraft:stone":2,"minecraft:oak_door":1,"minecraft:copper_ingot":2,"minecraft:fire_charge":2,"minecraft:carrot":99,"minecraft:redstone":255,"minecraft:dark_oak_planks":2,"minecraft:arrow":25,"minecraft:diamond_chestplate":2,"minecraft:nether_bricks":6,"minecraft:diamond_boots":3,"minecraft:hay_block":10,"minecraft:gold_ingot":35,"minecraft:rail":68,"minecraft:glow_berries":12,"minecraft:mutton":29,"minecraft:white_wool":39,"minecraft:bone_block":64,"minecraft:glow_ink_sac":9,"minecraft:magenta_banner":1,"minecraft:salmon":1,"minecraft:leather":20,"minecraft:crimson_fungus":3,"minecraft:purpur_stairs":1,"minecraft:oak_log":34,"minecraft:lily_pad":3,"minecraft:golden_boots":1,"minecraft:gunpowder":1,"minecraft:cobblestone_wall":1,"minecraft:sculk_vein":20,"minecraft:smooth_sandstone":12,"minecraft:apple":8,"minecraft:warped_stem":11,"minecraft:iron_ingot":125,"minecraft:soul_sand":439,"minecraft:flowering_azalea":9,"minecraft:iron_sword":1,"minecraft:book":18,"minecraft:sculk_catalyst":3,"minecraft:polished_andesite_stairs":2,"minecraft:smooth_basalt":4,"minecraft:warped_fungus":196,"minecraft:pumpkin":82,"minecraft:sweet_berries":12,"minecraft:sculk":146,"minecraft:quartz":392,"minecraft:dandelion":4,"minecraft:dripstone_block":25,"minecraft:amethyst_shard":2,"minecraft:soul_torch":4,"minecraft:blast_furnace":1,"minecraft:white_bed":1,"minecraft:crying_obsidian":16,"minecraft:dragon_egg":2,"minecraft:spider_eye":66,"minecraft:firework_rocket":64,"minecraft:pumpkin_seeds":5,"minecraft:sculk_sensor":11,"minecraft:polished_diorite":101,"minecraft:iron_helmet":1,"minecraft:gray_wool":3,"minecraft:warped_roots":72,"minecraft:black_wool":3,"minecraft:warped_nylium":3,"minecraft:coal":173,"minecraft:hopper":7,"minecraft:ender_pearl":108,"minecraft:sunflower":8},"minecraft:dropped":{"minecraft:oak_log":46,"minecraft:crafting_table":1,"minecraft:rail":14,"minecraft:dirt":5,"minecraft:seagrass":5,"minecraft:gold_nugget":1,"minecraft:sand":3,"minecraft:iron_pickaxe":2,"minecraft:dark_oak_planks":3,"minecraft:gold_ingot":22,"minecraft:bone":1,"minecraft:cobbled_deepslate":7,"minecraft:nether_brick":8,"minecraft:rotten_flesh":12,"minecraft:oak_planks":1,"minecraft:white_bed":1,"minecraft:carrot":74,"minecraft:chest":2,"minecraft:arrow":6,"minecraft:powered_rail":1,"minecraft:warped_wart_block":2,"minecraft:quartz":6,"minecraft:netherrack":13,"minecraft:cobblestone":116,"minecraft:salmon_bucket":1,"minecraft:granite":9,"minecraft:copper_ingot":1,"minecraft:stick":6,"minecraft:ink_sac":3,"minecraft:torch":3,"minecraft:diamond_helmet":3,"minecraft:lily_pad":2,"minecraft:bucket":1,"minecraft:deepslate":2,"minecraft:clay_ball":8,"minecraft:nether_bricks":6,"minecraft:pumpkin_seeds":2,"minecraft:diamond_sword":3,"minecraft:dragon_egg":1,"minecraft:diamond_pickaxe":7,"minecraft:andesite":70,"minecraft:sandstone":1,"minecraft:stone_pickaxe":1,"minecraft:calcite":8},"minecraft:custom":{"minecraft:animals_bred":5,"minecraft:interact_with_crafting_table":78,"minecraft:open_barrel":15,"minecraft:open_shulker_box":7,"minecraft:leave_game":17,"minecraft:time_since_death":71808,"minecraft:sprint_one_cm":1600347,"minecraft:damage_blocked_by_shield":3176,"minecraft:drop":173,"minecraft:talked_to_villager":25,"minecraft:play_time":889770,"minecraft:deaths":12,"minecraft:jump":7408,"minecraft:interact_with_brewingstand":11,"minecraft:walk_on_water_one_cm":222019,"minecraft:enchant_item":8,"minecraft:interact_with_furnace":46,"minecraft:traded_with_villager":4,"minecraft:sleep_in_bed":1,"minecraft:open_enderchest":2,"minecraft:damage_dealt":45579,"minecraft:crouch_one_cm":9270,"minecraft:use_cauldron":6,"minecraft:inspect_dispenser":6,"minecraft:mob_kills":1370,"minecraft:interact_with_anvil":1,"minecraft:inspect_hopper":13,"minecraft:fill_cauldron":5,"minecraft:climb_one_cm":13260,"minecraft:walk_one_cm":2642104,"minecraft:sneak_time":6401,"minecraft:walk_under_water_one_cm":172735,"minecraft:interact_with_blast_furnace":3,"minecraft:total_world_time":889770,"minecraft:interact_with_grindstone":9,"minecraft:interact_with_stonecutter":4,"minecraft:time_since_rest":71828,"minecraft:damage_taken":17206,"minecraft:swim_one_cm":49409,"minecraft:fly_one_cm":760780,"minecraft:open_chest":409,"minecraft:aviate_one_cm":493632,"minecraft:fall_one_cm":374208},"minecraft:killed_by":{"minecraft:ghast":1,"minecraft:piglin_brute":1,"minecraft:player":1,"minecraft:enderman":2,"minecraft:warden":1},"minecraft:killed":{"minecraft:cave_spider":1,"minecraft:zombified_piglin":20,"minecraft:spider":7,"minecraft:shulker":3,"minecraft:skeleton":28,"minecraft:chicken":8,"minecraft:magma_cube":17,"minecraft:piglin":5,"minecraft:pig":20,"minecraft:iron_golem":1,"minecraft:creeper":5,"minecraft:sheep":40,"minecraft:zombie":26,"minecraft:blaze":40,"minecraft:cow":8,"minecraft:drowned":13,"minecraft:squid":1,"minecraft:wither_skeleton":6,"minecraft:enderman":1118},"minecraft:mined":{"minecraft:farmland":1,"minecraft:sculk_vein":21,"minecraft:brewing_stand":3,"minecraft:granite":35,"minecraft:cave_vines_plant":2,"minecraft:budding_amethyst":1,"minecraft:grass_block":77,"minecraft:soul_soil":2,"minecraft:polished_diorite":17,"minecraft:crimson_fungus":1,"minecraft:composter":1,"minecraft:hopper":6,"minecraft:oak_wall_sign":1,"minecraft:nether_wart":41,"minecraft:gilded_blackstone":1,"minecraft:spawner":1,"minecraft:tall_seagrass":2,"minecraft:magma_block":15,"minecraft:sculk_catalyst":3,"minecraft:glowstone":13,"minecraft:barrel":5,"minecraft:sticky_piston":6,"minecraft:iron_ore":21,"minecraft:fire":31,"minecraft:pumpkin":38,"minecraft:deepslate_lapis_ore":4,"minecraft:pointed_dripstone":6,"minecraft:cave_vines":4,"minecraft:oak_sign":1,"minecraft:brown_mushroom":14,"minecraft:deepslate_redstone_ore":17,"minecraft:powder_snow_cauldron":1,"minecraft:blackstone":226,"minecraft:kelp_plant":2,"minecraft:soul_fire":23,"minecraft:purpur_stairs":1,"minecraft:clay":1,"minecraft:torch":8,"minecraft:blast_furnace":1,"minecraft:calcite":8,"minecraft:poppy":1,"minecraft:polished_andesite_stairs":2,"minecraft:chest":11,"minecraft:nether_quartz_ore":391,"minecraft:cobblestone":79,"minecraft:grindstone":1,"minecraft:oak_planks":19,"minecraft:sugar_cane":29,"minecraft:iron_door":1,"minecraft:wall_torch":4,"minecraft:amethyst_block":10,"minecraft:cauldron":2,"minecraft:deepslate_copper_ore":3,"minecraft:seagrass":3,"minecraft:warped_nylium":9,"minecraft:repeater":5,"minecraft:powered_rail":22,"minecraft:wheat":8,"minecraft:pumpkin_stem":5,"minecraft:orange_tulip":1,"minecraft:warped_fungus":48,"minecraft:copper_block":2,"minecraft:grass":135,"minecraft:oak_log":34,"minecraft:sand":9,"minecraft:dirt":65,"minecraft:smooth_basalt":4,"minecraft:netherrack":1907,"minecraft:piston":9,"minecraft:oak_leaves":14,"minecraft:deepslate":190,"minecraft:nether_gold_ore":48,"minecraft:tuff":1,"minecraft:dark_oak_leaves":1,"minecraft:deepslate_diamond_ore":1,"minecraft:candle":3,"minecraft:oak_door":1,"minecraft:dark_oak_log":3,"minecraft:end_stone":19,"minecraft:lever":7,"minecraft:nether_bricks":11,"minecraft:crimson_roots":1,"minecraft:redstone_wire":51,"minecraft:spruce_leaves":3,"minecraft:moss_block":2,"minecraft:sandstone":18,"minecraft:large_fern":1,"minecraft:hay_block":10,"minecraft:furnace":8,"minecraft:carrots":23,"minecraft:nether_sprouts":5,"minecraft:andesite":644,"minecraft:nether_brick_fence":1,"minecraft:deepslate_iron_ore":36,"minecraft:shroomlight":2,"minecraft:rail":45,"minecraft:warped_stem":11,"minecraft:chorus_plant":2,"minecraft:stone":2040,"minecraft:bone_block":69,"minecraft:redstone_wall_torch":13,"minecraft:redstone_block":12,"minecraft:flowering_azalea":3,"minecraft:soul_sand":257,"minecraft:soul_torch":4,"minecraft:observer":9,"minecraft:polished_granite":33,"minecraft:smooth_sandstone":2,"minecraft:crafting_table":8,"minecraft:cornflower":1,"minecraft:warped_roots":20,"minecraft:rose_bush":2,"minecraft:sculk_sensor":16,"minecraft:tall_grass":33,"minecraft:purpur_pillar":1,"minecraft:copper_ore":150,"minecraft:deepslate_gold_ore":15,"minecraft:lily_pad":1,"minecraft:sculk":214,"minecraft:diorite":270,"minecraft:warped_wart_block":1,"minecraft:cobblestone_wall":1,"minecraft:redstone_torch":7,"minecraft:sweet_berry_bush":6,"minecraft:birch_leaves":3,"minecraft:coal_ore":113,"minecraft:dripstone_block":7,"minecraft:end_rod":1,"minecraft:sunflower":4,"minecraft:gravel":6,"minecraft:cobweb":24,"minecraft:mossy_stone_bricks":1,"minecraft:gold_ore":2},"minecraft:crafted":{"minecraft:oak_planks":52,"minecraft:oak_sign":3,"minecraft:barrel":1,"minecraft:blaze_powder":2,"minecraft:cooked_chicken":5,"minecraft:lever":4,"minecraft:cooked_mutton":19,"minecraft:warped_planks":44,"minecraft:hopper":1,"minecraft:diamond_helmet":1,"minecraft:repeater":2,"minecraft:diamond_leggings":1,"minecraft:bow":1,"minecraft:chest":5,"minecraft:copper_block":2,"minecraft:rail":16,"minecraft:stone_hoe":2,"minecraft:golden_boots":1,"minecraft:glass_bottle":6,"minecraft:oak_slab":6,"minecraft:item_frame":3,"minecraft:emerald":3,"minecraft:crafting_table":4,"minecraft:polished_andesite_stairs":4,"minecraft:wooden_pickaxe":1,"minecraft:iron_helmet":1,"minecraft:hopper_minecart":1,"minecraft:birch_planks":8,"minecraft:pumpkin_seeds":24,"minecraft:diamond_pickaxe":2,"minecraft:shield":1,"minecraft:stick":96,"minecraft:iron_ingot":74,"minecraft:iron_pickaxe":2,"minecraft:gold_ingot":22,"minecraft:redstone_torch":1,"minecraft:shears":2,"minecraft:polished_andesite":11,"minecraft:oak_door":3,"minecraft:stone_shovel":1,"minecraft:furnace":2,"minecraft:piston":4,"minecraft:polished_diorite":3,"minecraft:iron_axe":1,"minecraft:stone_pickaxe":1,"minecraft:cobblestone_wall":20,"minecraft:diamond_boots":1,"minecraft:redstone_block":2,"minecraft:dark_oak_planks":12,"minecraft:observer":4,"minecraft:minecart":1,"minecraft:wheat":90,"minecraft:sugar":1,"minecraft:diamond_sword":3,"minecraft:powered_rail":6,"minecraft:iron_sword":1,"minecraft:bucket":2,"minecraft:stone_axe":2,"minecraft:enchanted_book":1,"minecraft:bread":30,"minecraft:air":0,"minecraft:white_wool":335,"minecraft:fermented_spider_eye":1,"minecraft:iron_shovel":1,"minecraft:iron_leggings":1,"minecraft:white_bed":1,"minecraft:torch":44,"minecraft:diamond_chestplate":1}},"DataVersion":3465}