{"stats":{"minecraft:crafted":{"minecraft:diamond_sword":1,"minecraft:crafting_table":1,"minecraft:air":0,"minecraft:flint_and_steel":1,"minecraft:diamond_helmet":1,"minecraft:diamond_pickaxe":1,"minecraft:stick":8,"minecraft:iron_ingot":3},"minecraft:custom":{"minecraft:interact_with_furnace":9,"minecraft:mob_kills":3,"minecraft:interact_with_crafting_table":5,"minecraft:interact_with_grindstone":1,"minecraft:time_since_death":6262,"minecraft:time_since_rest":6293,"minecraft:sprint_one_cm":56249,"minecraft:damage_taken":1323,"minecraft:walk_one_cm":131965,"minecraft:damage_blocked_by_shield":2435,"minecraft:drop":25,"minecraft:damage_dealt":1133,"minecraft:fly_one_cm":23833,"minecraft:player_kills":1,"minecraft:play_time":41790,"minecraft:deaths":3,"minecraft:jump":475,"minecraft:walk_on_water_one_cm":4427,"minecraft:enchant_item":2,"minecraft:total_world_time":41790,"minecraft:fall_one_cm":6153},"minecraft:killed":{"minecraft:skeleton":2,"minecraft:zombie":1},"minecraft:dropped":{"minecraft:golden_boots":1,"minecraft:iron_sword":1,"minecraft:diamond_axe":1,"minecraft:lapis_lazuli":54,"minecraft:tuff":5,"minecraft:azure_bluet":1,"minecraft:flint":1,"minecraft:oxeye_daisy":1,"minecraft:poppy":1,"minecraft:shield":1,"minecraft:diamond_chestplate":1,"minecraft:cornflower":1,"minecraft:diamond_pickaxe":1,"minecraft:wooden_axe":1,"minecraft:diamond_helmet":3,"minecraft:stone_pickaxe":2,"minecraft:wooden_pickaxe":2,"minecraft:iron_pickaxe":1,"minecraft:dandelion":2,"minecraft:redstone":103},"minecraft:used":{"minecraft:flint_and_steel":1,"minecraft:shield":39,"minecraft:rotten_flesh":2,"minecraft:netherrack":4,"minecraft:crafting_table":1,"minecraft:diamond_pickaxe":36,"minecraft:iron_axe":1,"minecraft:iron_pickaxe":204,"minecraft:diamond_sword":24,"minecraft:cooked_beef":3,"minecraft:cobbled_deepslate":32},"minecraft:mined":{"minecraft:nether_gold_ore":9,"minecraft:deepslate_redstone_ore":20,"minecraft:deepslate_diamond_ore":9,"minecraft:dandelion":2,"minecraft:crafting_table":1,"minecraft:cornflower":1,"minecraft:short_grass":8,"minecraft:poppy":1,"minecraft:warped_roots":6,"minecraft:deepslate_gold_ore":10,"minecraft:grindstone":1,"minecraft:crimson_fungus":1,"minecraft:oxeye_daisy":1,"minecraft:warped_wart_block":2,"minecraft:deepslate_copper_ore":9,"minecraft:warped_nylium":14,"minecraft:glowstone":32,"minecraft:cobbled_deepslate":23,"minecraft:warped_fungus":11,"minecraft:azure_bluet":1,"minecraft:enchanting_table":1,"minecraft:deepslate_iron_ore":30,"minecraft:gravel":1,"minecraft:netherrack":26,"minecraft:deepslate":45},"minecraft:killed_by":{"minecraft:skeleton":2,"minecraft:zombie":1},"minecraft:picked_up":{"minecraft:wooden_axe":1,"minecraft:crafting_table":1,"minecraft:enchanting_table":1,"minecraft:magma_block":1,"minecraft:iron_chestplate":2,"minecraft:azure_bluet":1,"minecraft:cooked_beef":3,"minecraft:wooden_pickaxe":2,"minecraft:flint":2,"minecraft:crimson_fungus":1,"minecraft:tuff":5,"minecraft:golden_boots":1,"minecraft:shield":2,"minecraft:cornflower":1,"minecraft:lapis_lazuli":160,"minecraft:raw_copper":30,"minecraft:iron_axe":1,"minecraft:bone":5,"minecraft:bow":1,"minecraft:gold_nugget":30,"minecraft:cobbled_deepslate":85,"minecraft:raw_gold":10,"minecraft:iron_ingot":7,"minecraft:grindstone":1,"minecraft:stone_pickaxe":2,"minecraft:iron_nugget":1,"minecraft:poppy":1,"minecraft:iron_pickaxe":2,"minecraft:diamond_helmet":3,"minecraft:glowstone_dust":103,"minecraft:iron_sword":1,"minecraft:oak_planks":39,"minecraft:iron_boots":1,"minecraft:stick":1,"minecraft:raw_iron":30,"minecraft:warped_fungus":11,"minecraft:warped_wart_block":3,"minecraft:dandelion":2,"minecraft:gravel":4,"minecraft:redstone":190,"minecraft:arrow":2,"minecraft:diamond_chestplate":1,"minecraft:rotten_flesh":2,"minecraft:diamond":10,"minecraft:iron_helmet":1,"minecraft:diamond_axe":1,"minecraft:warped_roots":8,"minecraft:netherrack":32,"minecraft:diamond_pickaxe":1,"minecraft:oxeye_daisy":1}},"DataVersion":3953}