{"stats":{"minecraft:crafted":{"minecraft:flint_and_steel":1,"minecraft:diamond_helmet":1,"minecraft:chest":1,"minecraft:diamond_sword":1,"minecraft:crafting_table":2,"minecraft:air":0,"minecraft:oak_boat":2,"minecraft:oak_chest_boat":1,"minecraft:diamond_pickaxe":1,"minecraft:stick":8,"minecraft:iron_ingot":3},"minecraft:custom":{"minecraft:mob_kills":6,"minecraft:interact_with_crafting_table":7,"minecraft:time_since_death":9610,"minecraft:climb_one_cm":2551,"minecraft:sprint_one_cm":114640,"minecraft:walk_one_cm":194558,"minecraft:damage_blocked_by_shield":2780,"minecraft:drop":36,"minecraft:play_time":65790,"minecraft:deaths":5,"minecraft:sneak_time":25,"minecraft:walk_under_water_one_cm":2489,"minecraft:boat_one_cm":17882,"minecraft:jump":773,"minecraft:walk_on_water_one_cm":34156,"minecraft:enchant_item":2,"minecraft:total_world_time":65790,"minecraft:interact_with_furnace":10,"minecraft:interact_with_grindstone":1,"minecraft:time_since_rest":9654,"minecraft:damage_taken":1913,"minecraft:damage_dealt":1471,"minecraft:swim_one_cm":10045,"minecraft:fly_one_cm":51772,"minecraft:player_kills":1,"minecraft:fall_one_cm":10529},"minecraft:killed":{"minecraft:armadillo":2,"minecraft:skeleton":2,"minecraft:zombie":1,"minecraft:cow":1},"minecraft:dropped":{"minecraft:golden_boots":1,"minecraft:iron_sword":1,"minecraft:diamond_axe":1,"minecraft:lapis_lazuli":54,"minecraft:cobblestone":4,"minecraft:warped_roots":8,"minecraft:stick":6,"minecraft:flint":1,"minecraft:oxeye_daisy":1,"minecraft:cornflower":1,"minecraft:wooden_axe":1,"minecraft:diamond_helmet":3,"minecraft:sand":12,"minecraft:iron_pickaxe":1,"minecraft:dandelion":2,"minecraft:bone":5,"minecraft:redstone":103,"minecraft:gravel":2,"minecraft:iron_nugget":1,"minecraft:nether_brick":4,"minecraft:tuff":5,"minecraft:azure_bluet":1,"minecraft:poppy":1,"minecraft:shield":1,"minecraft:diamond_chestplate":1,"minecraft:diamond_pickaxe":1,"minecraft:iron_chestplate":1,"minecraft:arrow":2,"minecraft:wooden_pickaxe":2,"minecraft:stone_pickaxe":2,"minecraft:magma_block":1},"minecraft:broken":{"minecraft:iron_pickaxe":1},"minecraft:used":{"minecraft:flint_and_steel":5,"minecraft:shield":45,"minecraft:rotten_flesh":2,"minecraft:netherrack":4,"minecraft:warped_wart_block":3,"minecraft:iron_axe":1,"minecraft:beef":3,"minecraft:cooked_beef":3,"minecraft:cobbled_deepslate":32,"minecraft:oak_chest_boat":1,"minecraft:sand":2,"minecraft:crafting_table":3,"minecraft:diamond_pickaxe":107,"minecraft:melon_slice":12,"minecraft:iron_pickaxe":219,"minecraft:gravel":2,"minecraft:diamond_sword":74,"minecraft:oak_boat":1},"minecraft:mined":{"minecraft:nether_gold_ore":17,"minecraft:deepslate_diamond_ore":9,"minecraft:grass_block":9,"minecraft:crimson_fungus":1,"minecraft:oxeye_daisy":1,"minecraft:glowstone":32,"minecraft:cobbled_deepslate":23,"minecraft:fire":8,"minecraft:azure_bluet":1,"minecraft:enchanting_table":1,"minecraft:deepslate_iron_ore":30,"minecraft:bamboo":1,"minecraft:stone":4,"minecraft:deepslate_redstone_ore":20,"minecraft:dandelion":2,"minecraft:crafting_table":2,"minecraft:cornflower":1,"minecraft:short_grass":44,"minecraft:poppy":1,"minecraft:melon":11,"minecraft:warped_roots":6,"minecraft:nether_quartz_ore":36,"minecraft:tall_grass":10,"minecraft:deepslate_gold_ore":10,"minecraft:grindstone":1,"minecraft:sugar_cane":4,"minecraft:warped_wart_block":2,"minecraft:deepslate_copper_ore":9,"minecraft:warped_nylium":14,"minecraft:warped_fungus":11,"minecraft:cocoa":1,"minecraft:gravel":1,"minecraft:sand":19,"minecraft:dirt":2,"minecraft:netherrack":55,"minecraft:oak_leaves":60,"minecraft:deepslate":45,"minecraft:fern":2},"minecraft:killed_by":{"minecraft:skeleton":2,"minecraft:zombie":2},"minecraft:picked_up":{"minecraft:wooden_axe":1,"minecraft:cocoa_beans":3,"minecraft:iron_chestplate":2,"minecraft:crafting_table":2,"minecraft:azure_bluet":1,"minecraft:wooden_pickaxe":2,"minecraft:nether_brick":4,"minecraft:shield":2,"minecraft:cornflower":1,"minecraft:iron_axe":1,"minecraft:raw_copper":30,"minecraft:gold_nugget":55,"minecraft:cobbled_deepslate":85,"minecraft:beef":3,"minecraft:oak_boat":1,"minecraft:iron_nugget":1,"minecraft:poppy":1,"minecraft:iron_pickaxe":2,"minecraft:melon_slice":53,"minecraft:sugar_cane":8,"minecraft:iron_boots":1,"minecraft:stick":1,"minecraft:raw_iron":30,"minecraft:redstone":190,"minecraft:rotten_flesh":2,"minecraft:arrow":2,"minecraft:diamond_chestplate":1,"minecraft:cobblestone":4,"minecraft:oxeye_daisy":1,"minecraft:enchanting_table":1,"minecraft:magma_block":2,"minecraft:cooked_beef":3,"minecraft:filled_map":1,"minecraft:flint":2,"minecraft:crimson_fungus":1,"minecraft:tuff":5,"minecraft:golden_boots":1,"minecraft:lapis_lazuli":160,"minecraft:dirt":11,"minecraft:bone":5,"minecraft:bow":1,"minecraft:raw_gold":10,"minecraft:grindstone":1,"minecraft:iron_ingot":7,"minecraft:stone_pickaxe":2,"minecraft:diamond_helmet":3,"minecraft:glowstone_dust":103,"minecraft:bamboo":2,"minecraft:oak_planks":39,"minecraft:iron_sword":1,"minecraft:warped_fungus":11,"minecraft:warped_wart_block":3,"minecraft:quartz":36,"minecraft:dandelion":2,"minecraft:gravel":4,"minecraft:sand":31,"minecraft:diamond":10,"minecraft:iron_helmet":1,"minecraft:diamond_axe":1,"minecraft:warped_roots":16,"minecraft:netherrack":54,"minecraft:diamond_pickaxe":1}},"DataVersion":3953}