{"stats":{"minecraft:killed_by":{"minecraft:enderman":1},"minecraft:killed":{"minecraft:cave_spider":1,"minecraft:zombified_piglin":20,"minecraft:spider":3,"minecraft:skeleton":11,"minecraft:chicken":3,"minecraft:magma_cube":17,"minecraft:piglin":1,"minecraft:iron_golem":1,"minecraft:creeper":3,"minecraft:sheep":3,"minecraft:zombie":12,"minecraft:blaze":13,"minecraft:wither_skeleton":6,"minecraft:enderman":9},"minecraft:custom":{"minecraft:animals_bred":1,"minecraft:interact_with_crafting_table":62,"minecraft:open_barrel":14,"minecraft:leave_game":9,"minecraft:time_since_death":58595,"minecraft:sprint_one_cm":702163,"minecraft:damage_blocked_by_shield":3176,"minecraft:drop":116,"minecraft:talked_to_villager":11,"minecraft:play_time":490115,"minecraft:deaths":4,"minecraft:jump":3601,"minecraft:interact_with_brewingstand":1,"minecraft:walk_on_water_one_cm":55291,"minecraft:interact_with_furnace":29,"minecraft:sleep_in_bed":1,"minecraft:damage_dealt":18686,"minecraft:crouch_one_cm":874,"minecraft:mob_kills":104,"minecraft:interact_with_anvil":1,"minecraft:inspect_hopper":1,"minecraft:fill_cauldron":2,"minecraft:climb_one_cm":2172,"minecraft:walk_one_cm":1382094,"minecraft:sneak_time":2200,"minecraft:walk_under_water_one_cm":29291,"minecraft:interact_with_blast_furnace":1,"minecraft:total_world_time":490115,"minecraft:interact_with_grindstone":4,"minecraft:interact_with_stonecutter":1,"minecraft:time_since_rest":58629,"minecraft:damage_taken":5901,"minecraft:fly_one_cm":268281,"minecraft:open_chest":138,"minecraft:fall_one_cm":127261},"minecraft:used":{"minecraft:moss_block":1,"minecraft:oak_sign":5,"minecraft:chest":11,"minecraft:shield":69,"minecraft:iron_sword":229,"minecraft:rotten_flesh":2,"minecraft:carrot":31,"minecraft:iron_helmet":1,"minecraft:hopper_minecart":17,"minecraft:item_frame":5,"minecraft:repeater":7,"minecraft:bow":10,"minecraft:furnace":10,"minecraft:golden_boots":1,"minecraft:diamond_boots":1,"minecraft:powered_rail":37,"minecraft:stone_pickaxe":164,"minecraft:wooden_pickaxe":38,"minecraft:redstone_block":14,"minecraft:sugar_cane":60,"minecraft:glow_berries":12,"minecraft:blast_furnace":1,"minecraft:pumpkin_seeds":27,"minecraft:redstone_torch":20,"minecraft:sticky_piston":6,"minecraft:lever":13,"minecraft:bread":45,"minecraft:polished_granite":58,"minecraft:diamond_sword":299,"minecraft:grindstone":1,"minecraft:andesite":333,"minecraft:tropical_fish":1,"minecraft:armor_stand":1,"minecraft:stone_shovel":62,"minecraft:redstone":72,"minecraft:stone_hoe":75,"minecraft:cooked_chicken":3,"minecraft:netherrack":75,"minecraft:oak_door":2,"minecraft:torch":42,"minecraft:brewing_stand":1,"minecraft:dirt":130,"minecraft:warped_wart_block":1,"minecraft:hopper":7,"minecraft:cobblestone_wall":8,"minecraft:diamond_helmet":2,"minecraft:polished_diorite":3,"minecraft:shroomlight":1,"minecraft:iron_axe":49,"minecraft:barrel":6,"minecraft:diamond_chestplate":1,"minecraft:cooked_beef":31,"minecraft:cobbled_deepslate":12,"minecraft:observer":13,"minecraft:powder_snow_bucket":2,"minecraft:iron_leggings":1,"minecraft:wheat_seeds":1,"minecraft:water_bucket":73,"minecraft:polished_andesite":11,"minecraft:copper_block":4,"minecraft:cauldron":1,"minecraft:rail":71,"minecraft:crafting_table":10,"minecraft:white_bed":1,"minecraft:oak_log":14,"minecraft:piston":13,"minecraft:diamond_pickaxe":4559,"minecraft:iron_pickaxe":688,"minecraft:stone_axe":14,"minecraft:cobblestone":75,"minecraft:bucket":74,"minecraft:diamond_leggings":1},"minecraft:picked_up":{"minecraft:redstone_block":12,"minecraft:diamond_sword":1,"minecraft:brewing_stand":1,"minecraft:golden_sword":1,"minecraft:string":83,"minecraft:raw_copper":390,"minecraft:sticky_piston":7,"minecraft:iron_leggings":1,"minecraft:armor_stand":1,"minecraft:shroomlight":1,"minecraft:oak_sign":3,"minecraft:gold_nugget":160,"minecraft:cobbled_deepslate":131,"minecraft:bucket":1,"minecraft:redstone_torch":23,"minecraft:iron_pickaxe":3,"minecraft:hopper_minecart":14,"minecraft:furnace":8,"minecraft:stick":112,"minecraft:torch":25,"minecraft:pointed_dripstone":4,"minecraft:diorite":191,"minecraft:warped_planks":42,"minecraft:cauldron":1,"minecraft:rotten_flesh":19,"minecraft:tropical_fish":1,"minecraft:blaze_rod":6,"minecraft:iron_bars":10,"minecraft:cobblestone":1452,"minecraft:feather":3,"minecraft:cooked_beef":25,"minecraft:repeater":5,"minecraft:magma_cream":3,"minecraft:iron_door":2,"minecraft:andesite":767,"minecraft:powder_snow_bucket":2,"minecraft:copper_block":2,"minecraft:dirt":135,"minecraft:lapis_lazuli":129,"minecraft:polished_granite":19,"minecraft:bone":16,"minecraft:bow":2,"minecraft:wheat_seeds":3,"minecraft:raw_gold":15,"minecraft:grindstone":2,"minecraft:diamond_helmet":3,"minecraft:powered_rail":32,"minecraft:moss_block":3,"minecraft:oak_planks":65,"minecraft:warped_wart_block":3,"minecraft:ink_sac":6,"minecraft:spectral_arrow":17,"minecraft:dark_oak_log":3,"minecraft:barrel":5,"minecraft:slime_block":4,"minecraft:lever":9,"minecraft:granite":54,"minecraft:emerald":1,"minecraft:oak_sapling":6,"minecraft:netherrack":493,"minecraft:diamond_pickaxe":3,"minecraft:crafting_table":9,"minecraft:chicken":3,"minecraft:nether_wart":60,"minecraft:clay_ball":16,"minecraft:shield":1,"minecraft:iron_axe":1,"minecraft:item_frame":5,"minecraft:blackstone":70,"minecraft:observer":9,"minecraft:iron_nugget":108,"minecraft:sugar_cane":104,"minecraft:chest":8,"minecraft:birch_sapling":2,"minecraft:piston":9,"minecraft:egg":1,"minecraft:raw_iron":31,"minecraft:end_stone":13,"minecraft:stone":2,"minecraft:fire_charge":2,"minecraft:carrot":34,"minecraft:redstone":231,"minecraft:dark_oak_planks":2,"minecraft:arrow":9,"minecraft:nether_bricks":2,"minecraft:diamond_boots":1,"minecraft:hay_block":10,"minecraft:gold_ingot":35,"minecraft:white_wool":3,"minecraft:glow_berries":12,"minecraft:mutton":10,"minecraft:rail":68,"minecraft:glow_ink_sac":9,"minecraft:leather":12,"minecraft:crimson_fungus":3,"minecraft:oak_log":14,"minecraft:golden_boots":1,"minecraft:cobblestone_wall":1,"minecraft:gunpowder":1,"minecraft:apple":8,"minecraft:warped_stem":11,"minecraft:iron_ingot":9,"minecraft:flowering_azalea":9,"minecraft:iron_sword":1,"minecraft:soul_sand":40,"minecraft:book":18,"minecraft:warped_fungus":196,"minecraft:pumpkin":82,"minecraft:quartz":179,"minecraft:dandelion":4,"minecraft:dripstone_block":19,"minecraft:blast_furnace":1,"minecraft:white_bed":1,"minecraft:crying_obsidian":16,"minecraft:dragon_egg":2,"minecraft:spider_eye":2,"minecraft:pumpkin_seeds":5,"minecraft:polished_diorite":2,"minecraft:iron_helmet":1,"minecraft:warped_roots":72,"minecraft:warped_nylium":3,"minecraft:coal":136,"minecraft:hopper":7,"minecraft:sunflower":2,"minecraft:ender_pearl":27},"minecraft:broken":{"minecraft:iron_sword":1,"minecraft:shield":1,"minecraft:iron_pickaxe":3},"minecraft:mined":{"minecraft:farmland":1,"minecraft:brewing_stand":1,"minecraft:cave_vines_plant":2,"minecraft:granite":6,"minecraft:grass_block":75,"minecraft:polished_diorite":2,"minecraft:hopper":6,"minecraft:crimson_fungus":1,"minecraft:oak_wall_sign":1,"minecraft:nether_wart":23,"minecraft:magma_block":15,"minecraft:barrel":5,"minecraft:iron_ore":19,"minecraft:sticky_piston":6,"minecraft:fire":10,"minecraft:pumpkin":38,"minecraft:cave_vines":4,"minecraft:oak_sign":1,"minecraft:deepslate_redstone_ore":12,"minecraft:powder_snow_cauldron":1,"minecraft:blackstone":220,"minecraft:clay":1,"minecraft:torch":6,"minecraft:blast_furnace":1,"minecraft:chest":8,"minecraft:nether_quartz_ore":166,"minecraft:cobblestone":36,"minecraft:grindstone":1,"minecraft:sugar_cane":28,"minecraft:oak_planks":19,"minecraft:iron_door":1,"minecraft:wall_torch":4,"minecraft:deepslate_copper_ore":3,"minecraft:seagrass":1,"minecraft:warped_nylium":9,"minecraft:repeater":5,"minecraft:powered_rail":22,"minecraft:pumpkin_stem":5,"minecraft:warped_fungus":48,"minecraft:copper_block":2,"minecraft:grass":36,"minecraft:oak_log":14,"minecraft:dirt":55,"minecraft:netherrack":1715,"minecraft:piston":9,"minecraft:deepslate":178,"minecraft:nether_gold_ore":40,"minecraft:dark_oak_leaves":1,"minecraft:dark_oak_log":3,"minecraft:end_stone":18,"minecraft:nether_bricks":11,"minecraft:lever":7,"minecraft:redstone_wire":51,"minecraft:moss_block":2,"minecraft:hay_block":10,"minecraft:furnace":8,"minecraft:carrots":9,"minecraft:nether_sprouts":5,"minecraft:andesite":630,"minecraft:nether_brick_fence":1,"minecraft:shroomlight":2,"minecraft:deepslate_iron_ore":5,"minecraft:rail":45,"minecraft:warped_stem":11,"minecraft:stone":1618,"minecraft:redstone_wall_torch":11,"minecraft:flowering_azalea":3,"minecraft:redstone_block":12,"minecraft:soul_sand":40,"minecraft:observer":9,"minecraft:polished_granite":17,"minecraft:crafting_table":8,"minecraft:warped_roots":20,"minecraft:copper_ore":78,"minecraft:tall_grass":3,"minecraft:deepslate_gold_ore":13,"minecraft:sculk":9,"minecraft:diorite":228,"minecraft:warped_wart_block":1,"minecraft:cobblestone_wall":1,"minecraft:redstone_torch":7,"minecraft:birch_leaves":1,"minecraft:coal_ore":75,"minecraft:sunflower":2,"minecraft:gravel":3,"minecraft:cobweb":24,"minecraft:mossy_stone_bricks":1,"minecraft:gold_ore":2},"minecraft:crafted":{"minecraft:oak_planks":8,"minecraft:barrel":1,"minecraft:oak_sign":3,"minecraft:cooked_chicken":3,"minecraft:lever":4,"minecraft:warped_planks":44,"minecraft:hopper":1,"minecraft:repeater":2,"minecraft:diamond_helmet":1,"minecraft:bow":1,"minecraft:diamond_leggings":1,"minecraft:chest":3,"minecraft:copper_block":2,"minecraft:rail":16,"minecraft:stone_hoe":2,"minecraft:golden_boots":1,"minecraft:oak_slab":6,"minecraft:crafting_table":3,"minecraft:wooden_pickaxe":1,"minecraft:iron_helmet":1,"minecraft:hopper_minecart":1,"minecraft:pumpkin_seeds":24,"minecraft:diamond_pickaxe":2,"minecraft:shield":1,"minecraft:stick":48,"minecraft:iron_ingot":21,"minecraft:iron_pickaxe":2,"minecraft:gold_ingot":22,"minecraft:redstone_torch":1,"minecraft:shears":1,"minecraft:polished_andesite":11,"minecraft:oak_door":3,"minecraft:stone_shovel":1,"minecraft:furnace":2,"minecraft:piston":4,"minecraft:polished_diorite":3,"minecraft:iron_axe":1,"minecraft:cobblestone_wall":20,"minecraft:stone_pickaxe":1,"minecraft:diamond_boots":1,"minecraft:redstone_block":2,"minecraft:dark_oak_planks":12,"minecraft:observer":4,"minecraft:minecart":1,"minecraft:wheat":90,"minecraft:diamond_sword":2,"minecraft:powered_rail":6,"minecraft:iron_sword":1,"minecraft:bucket":1,"minecraft:stone_axe":1,"minecraft:bread":30,"minecraft:iron_leggings":1,"minecraft:white_bed":1,"minecraft:torch":44,"minecraft:diamond_chestplate":1},"minecraft:dropped":{"minecraft:oak_log":46,"minecraft:crafting_table":1,"minecraft:rail":14,"minecraft:dirt":5,"minecraft:iron_pickaxe":2,"minecraft:dark_oak_planks":3,"minecraft:gold_ingot":22,"minecraft:cobbled_deepslate":7,"minecraft:rotten_flesh":8,"minecraft:oak_planks":1,"minecraft:white_bed":1,"minecraft:carrot":1,"minecraft:chest":1,"minecraft:powered_rail":1,"minecraft:warped_wart_block":2,"minecraft:netherrack":13,"minecraft:cobblestone":8,"minecraft:stick":6,"minecraft:diamond_helmet":2,"minecraft:clay_ball":8,"minecraft:nether_bricks":2,"minecraft:pumpkin_seeds":2,"minecraft:diamond_sword":1,"minecraft:dragon_egg":1,"minecraft:diamond_pickaxe":3,"minecraft:andesite":68,"minecraft:stone_pickaxe":1}},"DataVersion":3465}