{"stats":{"minecraft:killed_by":{"minecraft:enderman":1},"minecraft:killed":{"minecraft:cave_spider":1,"minecraft:spider":2,"minecraft:skeleton":4,"minecraft:chicken":3,"minecraft:piglin":1,"minecraft:creeper":1,"minecraft:sheep":3,"minecraft:zombie":5,"minecraft:enderman":8},"minecraft:custom":{"minecraft:mob_kills":28,"minecraft:interact_with_crafting_table":30,"minecraft:leave_game":1,"minecraft:time_since_death":74204,"minecraft:climb_one_cm":2172,"minecraft:sprint_one_cm":177446,"minecraft:walk_one_cm":448446,"minecraft:damage_blocked_by_shield":2410,"minecraft:drop":41,"minecraft:talked_to_villager":3,"minecraft:play_time":142349,"minecraft:deaths":2,"minecraft:sneak_time":109,"minecraft:walk_under_water_one_cm":6611,"minecraft:jump":1322,"minecraft:interact_with_brewingstand":1,"minecraft:walk_on_water_one_cm":24973,"minecraft:total_world_time":142349,"minecraft:interact_with_furnace":24,"minecraft:interact_with_grindstone":3,"minecraft:sleep_in_bed":1,"minecraft:time_since_rest":32505,"minecraft:damage_taken":1780,"minecraft:damage_dealt":6386,"minecraft:fly_one_cm":46549,"minecraft:open_chest":35,"minecraft:crouch_one_cm":38,"minecraft:fall_one_cm":32060},"minecraft:used":{"minecraft:moss_block":1,"minecraft:tropical_fish":1,"minecraft:chest":7,"minecraft:shield":57,"minecraft:iron_sword":164,"minecraft:stone_hoe":25,"minecraft:rotten_flesh":2,"minecraft:cooked_chicken":3,"minecraft:netherrack":9,"minecraft:torch":7,"minecraft:brewing_stand":1,"minecraft:dirt":51,"minecraft:warped_wart_block":1,"minecraft:shroomlight":1,"minecraft:iron_axe":48,"minecraft:iron_helmet":1,"minecraft:bow":10,"minecraft:furnace":10,"minecraft:cooked_beef":12,"minecraft:cobbled_deepslate":12,"minecraft:iron_leggings":1,"minecraft:golden_boots":1,"minecraft:water_bucket":14,"minecraft:stone_pickaxe":164,"minecraft:wooden_pickaxe":38,"minecraft:glow_berries":12,"minecraft:crafting_table":8,"minecraft:blast_furnace":1,"minecraft:white_bed":1,"minecraft:pumpkin_seeds":24,"minecraft:diamond_pickaxe":1777,"minecraft:iron_pickaxe":435,"minecraft:cobblestone":16,"minecraft:grindstone":1,"minecraft:bucket":14,"minecraft:andesite":86},"minecraft:picked_up":{"minecraft:crafting_table":7,"minecraft:chicken":3,"minecraft:clay_ball":16,"minecraft:diamond_sword":1,"minecraft:brewing_stand":1,"minecraft:shield":1,"minecraft:string":81,"minecraft:raw_copper":362,"minecraft:iron_axe":1,"minecraft:iron_leggings":1,"minecraft:blackstone":70,"minecraft:shroomlight":1,"minecraft:gold_nugget":60,"minecraft:cobbled_deepslate":131,"minecraft:iron_nugget":108,"minecraft:iron_pickaxe":2,"minecraft:sugar_cane":20,"minecraft:chest":4,"minecraft:birch_sapling":2,"minecraft:furnace":8,"minecraft:raw_iron":31,"minecraft:stick":8,"minecraft:torch":16,"minecraft:fire_charge":2,"minecraft:pointed_dripstone":4,"minecraft:diorite":188,"minecraft:warped_planks":42,"minecraft:redstone":165,"minecraft:dark_oak_planks":2,"minecraft:arrow":4,"minecraft:rotten_flesh":3,"minecraft:tropical_fish":1,"minecraft:hay_block":10,"minecraft:gold_ingot":17,"minecraft:glow_berries":12,"minecraft:mutton":10,"minecraft:rail":6,"minecraft:white_wool":3,"minecraft:cobblestone":1155,"minecraft:feather":3,"minecraft:cooked_beef":25,"minecraft:glow_ink_sac":9,"minecraft:andesite":447,"minecraft:leather":12,"minecraft:crimson_fungus":3,"minecraft:golden_boots":1,"minecraft:lapis_lazuli":128,"minecraft:dirt":26,"minecraft:bone":2,"minecraft:apple":8,"minecraft:bow":1,"minecraft:raw_gold":15,"minecraft:warped_stem":11,"minecraft:iron_ingot":6,"minecraft:grindstone":2,"minecraft:diamond_helmet":3,"minecraft:moss_block":3,"minecraft:oak_planks":12,"minecraft:iron_sword":1,"minecraft:flowering_azalea":9,"minecraft:book":18,"minecraft:warped_fungus":196,"minecraft:pumpkin":76,"minecraft:quartz":47,"minecraft:warped_wart_block":3,"minecraft:dripstone_block":19,"minecraft:blast_furnace":1,"minecraft:white_bed":1,"minecraft:crying_obsidian":16,"minecraft:spectral_arrow":17,"minecraft:dark_oak_log":3,"minecraft:spider_eye":1,"minecraft:iron_helmet":1,"minecraft:granite":52,"minecraft:emerald":1,"minecraft:warped_roots":72,"minecraft:oak_sapling":6,"minecraft:netherrack":192,"minecraft:warped_nylium":3,"minecraft:coal":107,"minecraft:diamond_pickaxe":1,"minecraft:ender_pearl":25},"minecraft:broken":{"minecraft:iron_pickaxe":2},"minecraft:mined":{"minecraft:nether_gold_ore":11,"minecraft:farmland":1,"minecraft:dark_oak_leaves":1,"minecraft:dark_oak_log":3,"minecraft:brewing_stand":1,"minecraft:granite":6,"minecraft:cave_vines_plant":2,"minecraft:grass_block":13,"minecraft:moss_block":2,"minecraft:crimson_fungus":1,"minecraft:hay_block":10,"minecraft:furnace":8,"minecraft:iron_ore":19,"minecraft:nether_sprouts":5,"minecraft:fire":2,"minecraft:andesite":283,"minecraft:pumpkin":32,"minecraft:cave_vines":4,"minecraft:deepslate_iron_ore":5,"minecraft:shroomlight":2,"minecraft:rail":2,"minecraft:warped_stem":11,"minecraft:stone":1327,"minecraft:deepslate_redstone_ore":12,"minecraft:flowering_azalea":3,"minecraft:clay":1,"minecraft:crafting_table":7,"minecraft:torch":2,"minecraft:blast_furnace":1,"minecraft:warped_roots":20,"minecraft:chest":4,"minecraft:nether_quartz_ore":19,"minecraft:tall_grass":1,"minecraft:copper_ore":67,"minecraft:cobblestone":5,"minecraft:deepslate_gold_ore":13,"minecraft:grindstone":1,"minecraft:oak_planks":14,"minecraft:sugar_cane":6,"minecraft:diorite":228,"minecraft:warped_wart_block":1,"minecraft:deepslate_copper_ore":3,"minecraft:warped_nylium":9,"minecraft:birch_leaves":1,"minecraft:pumpkin_stem":2,"minecraft:warped_fungus":48,"minecraft:grass":6,"minecraft:coal_ore":48,"minecraft:dirt":20,"minecraft:cobweb":24,"minecraft:netherrack":69,"minecraft:gold_ore":2,"minecraft:deepslate":177},"minecraft:crafted":{"minecraft:cooked_chicken":3,"minecraft:furnace":2,"minecraft:warped_planks":44,"minecraft:bow":1,"minecraft:iron_axe":1,"minecraft:stone_pickaxe":1,"minecraft:chest":3,"minecraft:dark_oak_planks":12,"minecraft:stone_hoe":1,"minecraft:golden_boots":1,"minecraft:diamond_sword":1,"minecraft:crafting_table":2,"minecraft:wooden_pickaxe":1,"minecraft:iron_helmet":1,"minecraft:iron_sword":1,"minecraft:bucket":1,"minecraft:pumpkin_seeds":24,"minecraft:shield":1,"minecraft:stick":24,"minecraft:iron_ingot":21,"minecraft:iron_pickaxe":2,"minecraft:gold_ingot":19,"minecraft:iron_leggings":1,"minecraft:white_bed":1,"minecraft:torch":12,"minecraft:shears":1},"minecraft:dropped":{"minecraft:rail":6,"minecraft:dirt":5,"minecraft:diamond_helmet":2,"minecraft:iron_pickaxe":1,"minecraft:dark_oak_planks":3,"minecraft:gold_ingot":22,"minecraft:cobbled_deepslate":7,"minecraft:clay_ball":8,"minecraft:oak_planks":1,"minecraft:white_bed":1,"minecraft:diamond_sword":1,"minecraft:andesite":53,"minecraft:stone_pickaxe":1,"minecraft:warped_wart_block":2}},"DataVersion":3465}