{"stats":{"minecraft:used":{"minecraft:enchanting_table":1,"minecraft:iron_shovel":69,"minecraft:flint_and_steel":5,"minecraft:shield":46,"minecraft:cooked_salmon":1,"minecraft:cooked_chicken":1,"minecraft:rotten_flesh":2,"minecraft:netherrack":4,"minecraft:oak_door":3,"minecraft:dirt":22,"minecraft:warped_wart_block":3,"minecraft:oak_fence_gate":2,"minecraft:iron_axe":8,"minecraft:bamboo":2,"minecraft:beef":3,"minecraft:cooked_beef":3,"minecraft:cobbled_deepslate":32,"minecraft:oak_chest_boat":1,"minecraft:water_bucket":1,"minecraft:glass_bottle":1,"minecraft:oak_planks":2,"minecraft:sandstone":26,"minecraft:sugar_cane":8,"minecraft:sand":12,"minecraft:crafting_table":3,"minecraft:diamond_pickaxe":368,"minecraft:melon_slice":51,"minecraft:iron_pickaxe":219,"minecraft:gravel":2,"minecraft:diamond_sword":86,"minecraft:cobblestone":7,"minecraft:potion":2,"minecraft:grindstone":1,"minecraft:bucket":2,"minecraft:oak_boat":2},"minecraft:killed_by":{"minecraft:spider":1,"minecraft:skeleton":2,"minecraft:zombie":2},"minecraft:mined":{"minecraft:nether_gold_ore":17,"minecraft:deepslate_diamond_ore":9,"minecraft:oak_door":3,"minecraft:grass_block":13,"minecraft:crimson_fungus":1,"minecraft:oxeye_daisy":1,"minecraft:sandstone":99,"minecraft:tall_seagrass":1,"minecraft:glowstone":32,"minecraft:cobbled_deepslate":23,"minecraft:fire":8,"minecraft:azure_bluet":1,"minecraft:enchanting_table":1,"minecraft:deepslate_iron_ore":30,"minecraft:bamboo":1,"minecraft:stone":127,"minecraft:deepslate_redstone_ore":20,"minecraft:dandelion":2,"minecraft:cornflower":1,"minecraft:crafting_table":2,"minecraft:short_grass":70,"minecraft:poppy":1,"minecraft:melon":11,"minecraft:warped_roots":6,"minecraft:cobblestone":3,"minecraft:nether_quartz_ore":36,"minecraft:tall_grass":11,"minecraft:copper_ore":6,"minecraft:sugar_cane":4,"minecraft:deepslate_gold_ore":10,"minecraft:lapis_ore":6,"minecraft:grindstone":1,"minecraft:oak_planks":2,"minecraft:warped_wart_block":2,"minecraft:deepslate_copper_ore":9,"minecraft:seagrass":5,"minecraft:warped_nylium":14,"minecraft:warped_fungus":11,"minecraft:coal_ore":21,"minecraft:cocoa":1,"minecraft:oak_fence_gate":2,"minecraft:gravel":10,"minecraft:sand":81,"minecraft:dirt":31,"minecraft:netherrack":55,"minecraft:oak_leaves":63,"minecraft:deepslate":45,"minecraft:fern":2},"minecraft:crafted":{"minecraft:cooked_chicken":1,"minecraft:flint_and_steel":1,"minecraft:diamond_helmet":1,"minecraft:melon_seeds":2,"minecraft:chest":1,"minecraft:diamond_sword":1,"minecraft:crafting_table":2,"minecraft:bucket":1,"minecraft:air":0,"minecraft:oak_boat":2,"minecraft:oak_chest_boat":1,"minecraft:diamond_pickaxe":1,"minecraft:stick":8,"minecraft:iron_ingot":3,"minecraft:iron_shovel":1,"minecraft:shears":1},"minecraft:picked_up":{"minecraft:wooden_axe":1,"minecraft:seagrass":7,"minecraft:cocoa_beans":3,"minecraft:iron_chestplate":2,"minecraft:crafting_table":2,"minecraft:azure_bluet":1,"minecraft:chicken":1,"minecraft:wooden_pickaxe":2,"minecraft:potion":1,"minecraft:nether_brick":4,"minecraft:shield":2,"minecraft:cornflower":1,"minecraft:iron_axe":1,"minecraft:raw_copper":46,"minecraft:gold_nugget":55,"minecraft:cobbled_deepslate":85,"minecraft:beef":3,"minecraft:oak_boat":2,"minecraft:iron_nugget":1,"minecraft:poppy":1,"minecraft:iron_pickaxe":2,"minecraft:melon_slice":53,"minecraft:sugar_cane":8,"minecraft:egg":4,"minecraft:iron_boots":1,"minecraft:stick":7,"minecraft:raw_iron":30,"minecraft:sandstone":73,"minecraft:oak_door":3,"minecraft:copper_ingot":3,"minecraft:redstone":190,"minecraft:diamond_chestplate":1,"minecraft:arrow":4,"minecraft:rotten_flesh":2,"minecraft:cobblestone":104,"minecraft:oxeye_daisy":1,"minecraft:enchanting_table":1,"minecraft:magma_block":2,"minecraft:feather":1,"minecraft:cooked_beef":3,"minecraft:filled_map":1,"minecraft:flint":3,"minecraft:crimson_fungus":1,"minecraft:tuff":5,"minecraft:golden_boots":1,"minecraft:gunpowder":2,"minecraft:lapis_lazuli":198,"minecraft:dirt":59,"minecraft:smooth_sandstone":7,"minecraft:bone":7,"minecraft:bow":1,"minecraft:wheat_seeds":5,"minecraft:oak_fence_gate":2,"minecraft:raw_gold":10,"minecraft:grindstone":1,"minecraft:iron_ingot":7,"minecraft:stone_pickaxe":2,"minecraft:diamond_helmet":3,"minecraft:bamboo":2,"minecraft:glowstone_dust":103,"minecraft:oak_planks":41,"minecraft:iron_sword":1,"minecraft:warped_fungus":11,"minecraft:warped_wart_block":3,"minecraft:quartz":36,"minecraft:dandelion":2,"minecraft:gravel":4,"minecraft:sand":87,"minecraft:diamond":10,"minecraft:iron_helmet":2,"minecraft:diamond_axe":1,"minecraft:warped_roots":16,"minecraft:netherrack":54,"minecraft:coal":21,"minecraft:diamond_pickaxe":2},"minecraft:broken":{"minecraft:iron_pickaxe":1},"minecraft:killed":{"minecraft:armadillo":2,"minecraft:skeleton":2,"minecraft:chicken":1,"minecraft:creeper":1,"minecraft:zombie":2,"minecraft:cow":1},"minecraft:custom":{"minecraft:mob_kills":9,"minecraft:interact_with_anvil":2,"minecraft:animals_bred":1,"minecraft:interact_with_crafting_table":14,"minecraft:leave_game":5,"minecraft:time_since_death":25695,"minecraft:climb_one_cm":15118,"minecraft:sprint_one_cm":167995,"minecraft:walk_one_cm":369855,"minecraft:damage_blocked_by_shield":2855,"minecraft:drop":46,"minecraft:play_time":163568,"minecraft:deaths":6,"minecraft:sneak_time":1318,"minecraft:walk_under_water_one_cm":98653,"minecraft:boat_one_cm":59745,"minecraft:jump":1280,"minecraft:walk_on_water_one_cm":80609,"minecraft:enchant_item":3,"minecraft:total_world_time":163568,"minecraft:interact_with_furnace":27,"minecraft:interact_with_grindstone":1,"minecraft:sleep_in_bed":1,"minecraft:time_since_rest":25812,"minecraft:damage_taken":2904,"minecraft:damage_dealt":2051,"minecraft:swim_one_cm":33430,"minecraft:fly_one_cm":94496,"minecraft:player_kills":1,"minecraft:open_chest":30,"minecraft:crouch_one_cm":130,"minecraft:fall_one_cm":17152},"minecraft:dropped":{"minecraft:golden_boots":1,"minecraft:iron_sword":1,"minecraft:lapis_lazuli":54,"minecraft:diamond_axe":1,"minecraft:iron_helmet":1,"minecraft:cobblestone":4,"minecraft:warped_roots":16,"minecraft:flint":1,"minecraft:stick":6,"minecraft:oxeye_daisy":1,"minecraft:cornflower":1,"minecraft:wooden_axe":1,"minecraft:diamond_helmet":3,"minecraft:potion":1,"minecraft:sand":32,"minecraft:iron_pickaxe":1,"minecraft:smooth_sandstone":7,"minecraft:dandelion":2,"minecraft:bone":5,"minecraft:redstone":103,"minecraft:gravel":2,"minecraft:iron_nugget":1,"minecraft:raw_copper":30,"minecraft:nether_brick":4,"minecraft:tuff":5,"minecraft:azure_bluet":1,"minecraft:poppy":1,"minecraft:shield":1,"minecraft:diamond_chestplate":1,"minecraft:diamond_pickaxe":2,"minecraft:iron_chestplate":1,"minecraft:sandstone":47,"minecraft:arrow":2,"minecraft:wooden_pickaxe":2,"minecraft:stone_pickaxe":2,"minecraft:magma_block":1}},"DataVersion":3953}