{"stats":{"minecraft:killed_by":{"minecraft:piglin_brute":1,"minecraft:enderman":2},"minecraft:custom":{"minecraft:animals_bred":2,"minecraft:interact_with_crafting_table":63,"minecraft:open_barrel":14,"minecraft:leave_game":13,"minecraft:time_since_death":13520,"minecraft:sprint_one_cm":963734,"minecraft:damage_blocked_by_shield":3176,"minecraft:drop":123,"minecraft:talked_to_villager":13,"minecraft:play_time":590152,"minecraft:deaths":8,"minecraft:jump":4683,"minecraft:interact_with_brewingstand":2,"minecraft:walk_on_water_one_cm":58634,"minecraft:interact_with_furnace":30,"minecraft:traded_with_villager":3,"minecraft:sleep_in_bed":1,"minecraft:open_enderchest":2,"minecraft:damage_dealt":28227,"minecraft:crouch_one_cm":3728,"minecraft:mob_kills":142,"minecraft:interact_with_anvil":1,"minecraft:inspect_hopper":1,"minecraft:fill_cauldron":2,"minecraft:climb_one_cm":5222,"minecraft:walk_one_cm":1704365,"minecraft:sneak_time":3364,"minecraft:walk_under_water_one_cm":33227,"minecraft:interact_with_blast_furnace":2,"minecraft:total_world_time":590152,"minecraft:interact_with_grindstone":5,"minecraft:interact_with_stonecutter":3,"minecraft:time_since_rest":13540,"minecraft:damage_taken":11761,"minecraft:fly_one_cm":370990,"minecraft:open_chest":168,"minecraft:aviate_one_cm":65654,"minecraft:fall_one_cm":169074},"minecraft:broken":{"minecraft:iron_sword":1,"minecraft:stone_shovel":1,"minecraft:shield":1,"minecraft:iron_pickaxe":3},"minecraft:dropped":{"minecraft:oak_log":46,"minecraft:crafting_table":1,"minecraft:rail":14,"minecraft:dirt":5,"minecraft:iron_pickaxe":2,"minecraft:dark_oak_planks":3,"minecraft:gold_ingot":22,"minecraft:cobbled_deepslate":7,"minecraft:rotten_flesh":12,"minecraft:oak_planks":1,"minecraft:white_bed":1,"minecraft:carrot":1,"minecraft:chest":1,"minecraft:powered_rail":1,"minecraft:warped_wart_block":2,"minecraft:quartz":6,"minecraft:netherrack":13,"minecraft:cobblestone":73,"minecraft:stick":6,"minecraft:diamond_helmet":2,"minecraft:clay_ball":8,"minecraft:nether_bricks":2,"minecraft:pumpkin_seeds":2,"minecraft:diamond_sword":1,"minecraft:dragon_egg":1,"minecraft:diamond_pickaxe":5,"minecraft:andesite":70,"minecraft:stone_pickaxe":1},"minecraft:picked_up":{"minecraft:shulker_shell":4,"minecraft:redstone_block":12,"minecraft:diamond_sword":1,"minecraft:brewing_stand":3,"minecraft:golden_sword":1,"minecraft:string":83,"minecraft:raw_copper":391,"minecraft:iron_leggings":1,"minecraft:armor_stand":1,"minecraft:sticky_piston":7,"minecraft:shroomlight":1,"minecraft:oak_sign":3,"minecraft:gold_nugget":193,"minecraft:cobbled_deepslate":131,"minecraft:bucket":1,"minecraft:redstone_torch":23,"minecraft:iron_pickaxe":3,"minecraft:hopper_minecart":14,"minecraft:furnace":8,"minecraft:stick":112,"minecraft:purpur_pillar":1,"minecraft:torch":27,"minecraft:pointed_dripstone":4,"minecraft:diorite":225,"minecraft:warped_planks":42,"minecraft:cauldron":3,"minecraft:rotten_flesh":27,"minecraft:tropical_fish":1,"minecraft:end_rod":1,"minecraft:blaze_rod":15,"minecraft:iron_bars":10,"minecraft:cobblestone":1583,"minecraft:feather":3,"minecraft:cooked_beef":25,"minecraft:magma_cream":3,"minecraft:repeater":5,"minecraft:iron_door":2,"minecraft:andesite":771,"minecraft:powder_snow_bucket":2,"minecraft:copper_block":2,"minecraft:dirt":138,"minecraft:lapis_lazuli":129,"minecraft:polished_granite":24,"minecraft:bone":25,"minecraft:bow":2,"minecraft:wheat_seeds":6,"minecraft:raw_gold":15,"minecraft:grindstone":2,"minecraft:glowstone_dust":37,"minecraft:diamond_helmet":3,"minecraft:powered_rail":32,"minecraft:moss_block":3,"minecraft:oak_planks":65,"minecraft:warped_wart_block":3,"minecraft:ink_sac":6,"minecraft:spectral_arrow":17,"minecraft:dark_oak_log":3,"minecraft:barrel":5,"minecraft:diamond":5,"minecraft:slime_block":4,"minecraft:lever":9,"minecraft:granite":54,"minecraft:emerald":1,"minecraft:chorus_fruit":13,"minecraft:oak_sapling":6,"minecraft:netherrack":613,"minecraft:crimson_roots":1,"minecraft:diamond_pickaxe":4,"minecraft:crafting_table":9,"minecraft:chicken":3,"minecraft:nether_wart":60,"minecraft:clay_ball":16,"minecraft:shield":1,"minecraft:elytra":1,"minecraft:iron_axe":1,"minecraft:item_frame":5,"minecraft:blackstone":70,"minecraft:observer":9,"minecraft:iron_nugget":108,"minecraft:sugar_cane":104,"minecraft:chest":8,"minecraft:birch_sapling":2,"minecraft:piston":9,"minecraft:egg":1,"minecraft:raw_iron":31,"minecraft:end_stone":13,"minecraft:stone":2,"minecraft:fire_charge":2,"minecraft:carrot":75,"minecraft:redstone":231,"minecraft:dark_oak_planks":2,"minecraft:arrow":17,"minecraft:nether_bricks":2,"minecraft:diamond_boots":1,"minecraft:hay_block":10,"minecraft:gold_ingot":35,"minecraft:bone_block":64,"minecraft:white_wool":3,"minecraft:glow_berries":12,"minecraft:mutton":10,"minecraft:rail":68,"minecraft:glow_ink_sac":9,"minecraft:magenta_banner":1,"minecraft:leather":12,"minecraft:crimson_fungus":3,"minecraft:purpur_stairs":1,"minecraft:oak_log":14,"minecraft:golden_boots":1,"minecraft:cobblestone_wall":1,"minecraft:gunpowder":1,"minecraft:apple":8,"minecraft:warped_stem":11,"minecraft:iron_ingot":9,"minecraft:soul_sand":168,"minecraft:flowering_azalea":9,"minecraft:iron_sword":1,"minecraft:book":18,"minecraft:polished_andesite_stairs":2,"minecraft:warped_fungus":196,"minecraft:pumpkin":82,"minecraft:quartz":312,"minecraft:dandelion":4,"minecraft:dripstone_block":19,"minecraft:blast_furnace":1,"minecraft:white_bed":1,"minecraft:crying_obsidian":16,"minecraft:dragon_egg":2,"minecraft:spider_eye":2,"minecraft:pumpkin_seeds":5,"minecraft:polished_diorite":2,"minecraft:iron_helmet":1,"minecraft:warped_roots":72,"minecraft:warped_nylium":3,"minecraft:coal":153,"minecraft:hopper":7,"minecraft:sunflower":2,"minecraft:ender_pearl":27},"minecraft:mined":{"minecraft:farmland":1,"minecraft:brewing_stand":3,"minecraft:cave_vines_plant":2,"minecraft:granite":6,"minecraft:grass_block":77,"minecraft:soul_soil":2,"minecraft:polished_diorite":2,"minecraft:hopper":6,"minecraft:crimson_fungus":1,"minecraft:oak_wall_sign":1,"minecraft:nether_wart":23,"minecraft:gilded_blackstone":1,"minecraft:spawner":1,"minecraft:magma_block":15,"minecraft:glowstone":13,"minecraft:fire":24,"minecraft:iron_ore":19,"minecraft:sticky_piston":6,"minecraft:barrel":5,"minecraft:pumpkin":38,"minecraft:cave_vines":4,"minecraft:oak_sign":1,"minecraft:deepslate_redstone_ore":12,"minecraft:powder_snow_cauldron":1,"minecraft:blackstone":226,"minecraft:soul_fire":16,"minecraft:purpur_stairs":1,"minecraft:clay":1,"minecraft:torch":6,"minecraft:blast_furnace":1,"minecraft:polished_andesite_stairs":2,"minecraft:chest":8,"minecraft:nether_quartz_ore":356,"minecraft:cobblestone":53,"minecraft:grindstone":1,"minecraft:sugar_cane":28,"minecraft:oak_planks":19,"minecraft:iron_door":1,"minecraft:wall_torch":4,"minecraft:cauldron":2,"minecraft:deepslate_copper_ore":3,"minecraft:seagrass":1,"minecraft:warped_nylium":9,"minecraft:repeater":5,"minecraft:powered_rail":22,"minecraft:pumpkin_stem":5,"minecraft:warped_fungus":48,"minecraft:copper_block":2,"minecraft:grass":53,"minecraft:oak_log":14,"minecraft:dirt":56,"minecraft:netherrack":1886,"minecraft:piston":9,"minecraft:deepslate":178,"minecraft:nether_gold_ore":48,"minecraft:dark_oak_leaves":1,"minecraft:dark_oak_log":3,"minecraft:end_stone":18,"minecraft:nether_bricks":11,"minecraft:lever":7,"minecraft:crimson_roots":1,"minecraft:redstone_wire":51,"minecraft:moss_block":2,"minecraft:hay_block":10,"minecraft:furnace":8,"minecraft:carrots":22,"minecraft:nether_sprouts":5,"minecraft:andesite":632,"minecraft:nether_brick_fence":1,"minecraft:shroomlight":2,"minecraft:deepslate_iron_ore":5,"minecraft:rail":45,"minecraft:warped_stem":11,"minecraft:chorus_plant":2,"minecraft:stone":1672,"minecraft:bone_block":69,"minecraft:redstone_wall_torch":11,"minecraft:redstone_block":12,"minecraft:flowering_azalea":3,"minecraft:soul_sand":146,"minecraft:observer":9,"minecraft:polished_granite":22,"minecraft:crafting_table":8,"minecraft:warped_roots":20,"minecraft:copper_ore":78,"minecraft:purpur_pillar":1,"minecraft:tall_grass":12,"minecraft:deepslate_gold_ore":13,"minecraft:sculk":9,"minecraft:diorite":262,"minecraft:warped_wart_block":1,"minecraft:cobblestone_wall":1,"minecraft:redstone_torch":7,"minecraft:birch_leaves":1,"minecraft:coal_ore":92,"minecraft:end_rod":1,"minecraft:sunflower":2,"minecraft:gravel":3,"minecraft:cobweb":24,"minecraft:mossy_stone_bricks":1,"minecraft:gold_ore":2},"minecraft:crafted":{"minecraft:oak_planks":8,"minecraft:oak_sign":3,"minecraft:barrel":1,"minecraft:cooked_chicken":3,"minecraft:lever":4,"minecraft:warped_planks":44,"minecraft:hopper":1,"minecraft:diamond_helmet":1,"minecraft:repeater":2,"minecraft:diamond_leggings":1,"minecraft:bow":1,"minecraft:chest":3,"minecraft:copper_block":2,"minecraft:rail":16,"minecraft:stone_hoe":2,"minecraft:golden_boots":1,"minecraft:oak_slab":6,"minecraft:emerald":3,"minecraft:crafting_table":3,"minecraft:polished_andesite_stairs":4,"minecraft:wooden_pickaxe":1,"minecraft:iron_helmet":1,"minecraft:hopper_minecart":1,"minecraft:pumpkin_seeds":24,"minecraft:diamond_pickaxe":2,"minecraft:shield":1,"minecraft:stick":52,"minecraft:iron_ingot":21,"minecraft:iron_pickaxe":2,"minecraft:gold_ingot":22,"minecraft:redstone_torch":1,"minecraft:shears":1,"minecraft:polished_andesite":11,"minecraft:oak_door":3,"minecraft:stone_shovel":1,"minecraft:furnace":2,"minecraft:piston":4,"minecraft:polished_diorite":3,"minecraft:iron_axe":1,"minecraft:stone_pickaxe":1,"minecraft:cobblestone_wall":20,"minecraft:diamond_boots":1,"minecraft:redstone_block":2,"minecraft:dark_oak_planks":12,"minecraft:observer":4,"minecraft:minecart":1,"minecraft:wheat":90,"minecraft:diamond_sword":3,"minecraft:powered_rail":6,"minecraft:iron_sword":1,"minecraft:bucket":1,"minecraft:stone_axe":1,"minecraft:bread":30,"minecraft:air":0,"minecraft:iron_leggings":1,"minecraft:white_bed":1,"minecraft:torch":44,"minecraft:diamond_chestplate":1},"minecraft:used":{"minecraft:moss_block":1,"minecraft:oak_sign":5,"minecraft:chest":11,"minecraft:shield":69,"minecraft:iron_sword":229,"minecraft:rotten_flesh":6,"minecraft:carrot":63,"minecraft:polished_andesite_stairs":19,"minecraft:iron_helmet":1,"minecraft:hopper_minecart":17,"minecraft:item_frame":5,"minecraft:repeater":7,"minecraft:bow":10,"minecraft:furnace":10,"minecraft:golden_boots":1,"minecraft:diamond_boots":2,"minecraft:powered_rail":37,"minecraft:stone_pickaxe":164,"minecraft:ender_pearl":1,"minecraft:wooden_pickaxe":38,"minecraft:redstone_block":14,"minecraft:sugar_cane":60,"minecraft:purpur_pillar":1,"minecraft:glow_berries":12,"minecraft:purpur_stairs":1,"minecraft:blast_furnace":1,"minecraft:pumpkin_seeds":27,"minecraft:redstone_torch":20,"minecraft:sticky_piston":6,"minecraft:lever":13,"minecraft:bread":45,"minecraft:polished_granite":58,"minecraft:diamond_sword":590,"minecraft:grindstone":1,"minecraft:andesite":333,"minecraft:tropical_fish":1,"minecraft:armor_stand":1,"minecraft:stone_shovel":133,"minecraft:redstone":72,"minecraft:stone_hoe":78,"minecraft:cooked_chicken":3,"minecraft:netherrack":75,"minecraft:oak_door":2,"minecraft:torch":44,"minecraft:brewing_stand":3,"minecraft:warped_wart_block":1,"minecraft:dirt":133,"minecraft:hopper":7,"minecraft:cobblestone_wall":8,"minecraft:diamond_helmet":7,"minecraft:polished_diorite":3,"minecraft:shroomlight":1,"minecraft:iron_axe":49,"minecraft:barrel":6,"minecraft:diamond_chestplate":3,"minecraft:cooked_beef":78,"minecraft:observer":13,"minecraft:cobbled_deepslate":12,"minecraft:powder_snow_bucket":2,"minecraft:iron_leggings":1,"minecraft:wheat_seeds":1,"minecraft:water_bucket":80,"minecraft:polished_andesite":11,"minecraft:copper_block":4,"minecraft:cauldron":3,"minecraft:rail":71,"minecraft:crafting_table":10,"minecraft:white_bed":1,"minecraft:oak_log":14,"minecraft:piston":13,"minecraft:diamond_pickaxe":5151,"minecraft:iron_pickaxe":688,"minecraft:stone_axe":15,"minecraft:cobblestone":199,"minecraft:potion":1,"minecraft:bucket":80,"minecraft:diamond_leggings":2},"minecraft:killed":{"minecraft:cave_spider":1,"minecraft:zombified_piglin":20,"minecraft:spider":3,"minecraft:shulker":3,"minecraft:skeleton":19,"minecraft:chicken":3,"minecraft:magma_cube":17,"minecraft:piglin":4,"minecraft:iron_golem":1,"minecraft:creeper":3,"minecraft:sheep":3,"minecraft:zombie":14,"minecraft:blaze":34,"minecraft:drowned":1,"minecraft:wither_skeleton":6,"minecraft:enderman":9}},"DataVersion":3465}