{"stats":{"minecraft:custom":{"minecraft:interact_with_crafting_table":82,"minecraft:open_barrel":4,"minecraft:open_shulker_box":12,"minecraft:leave_game":6,"minecraft:time_since_death":77263,"minecraft:sprint_one_cm":1537531,"minecraft:damage_blocked_by_shield":1860,"minecraft:drop":61,"minecraft:talked_to_villager":25,"minecraft:play_time":539025,"minecraft:deaths":3,"minecraft:jump":4238,"minecraft:interact_with_brewingstand":3,"minecraft:walk_on_water_one_cm":75866,"minecraft:enchant_item":82,"minecraft:interact_with_furnace":62,"minecraft:traded_with_villager":2,"minecraft:open_enderchest":4,"minecraft:damage_dealt":23968,"minecraft:crouch_one_cm":33976,"minecraft:interact_with_smithing_table":8,"minecraft:mob_kills":123,"minecraft:interact_with_anvil":41,"minecraft:inspect_hopper":1,"minecraft:fill_cauldron":16,"minecraft:climb_one_cm":1479,"minecraft:walk_one_cm":923957,"minecraft:sneak_time":14791,"minecraft:walk_under_water_one_cm":39276,"minecraft:interact_with_blast_furnace":16,"minecraft:total_world_time":539025,"minecraft:interact_with_grindstone":24,"minecraft:interact_with_stonecutter":6,"minecraft:time_since_rest":77344,"minecraft:damage_taken":5277,"minecraft:swim_one_cm":28077,"minecraft:fly_one_cm":3286354,"minecraft:open_chest":305,"minecraft:aviate_one_cm":378181,"minecraft:fall_one_cm":286311},"minecraft:dropped":{"minecraft:birch_planks":23,"minecraft:lapis_lazuli":167,"minecraft:oak_log":48,"minecraft:ender_pearl":11,"minecraft:diamond":1,"minecraft:warped_roots":25,"minecraft:rail":2,"minecraft:emerald":1,"minecraft:gold_nugget":10,"minecraft:iron_pickaxe":1,"minecraft:birch_log":4,"minecraft:gold_ingot":19,"minecraft:blackstone":43,"minecraft:rotten_flesh":4,"minecraft:oak_planks":56,"minecraft:warped_planks":11,"minecraft:hopper":2,"minecraft:crying_obsidian":7,"minecraft:quartz":28,"minecraft:netherrack":64,"minecraft:water_bucket":1,"minecraft:cobblestone":87,"minecraft:stick":104,"minecraft:diamond_helmet":2,"minecraft:pumpkin":32,"minecraft:flowering_azalea":3,"minecraft:string":28,"minecraft:bucket":3,"minecraft:redstone":55,"minecraft:warped_nylium":1,"minecraft:raw_copper":59,"minecraft:diamond_sword":1,"minecraft:powder_snow_bucket":5,"minecraft:dragon_egg":1,"minecraft:diamond_pickaxe":1,"minecraft:andesite":193,"minecraft:redstone_torch":1,"minecraft:spider_eye":1},"minecraft:picked_up":{"minecraft:shulker_shell":3,"minecraft:anvil":1,"minecraft:diamond_sword":1,"minecraft:oak_stairs":1,"minecraft:nether_brick":195,"minecraft:string":73,"minecraft:raw_copper":347,"minecraft:sticky_piston":21,"minecraft:armor_stand":1,"minecraft:gold_nugget":58,"minecraft:cobbled_deepslate":141,"minecraft:comparator":1,"minecraft:bucket":3,"minecraft:eye_armor_trim_smithing_template":1,"minecraft:redstone_torch":10,"minecraft:rose_bush":6,"minecraft:cobblestone_slab":4,"minecraft:ender_eye":5,"minecraft:iron_pickaxe":1,"minecraft:furnace":2,"minecraft:stick":9,"minecraft:torch":77,"minecraft:diorite":347,"minecraft:warped_planks":22,"minecraft:rotten_flesh":39,"minecraft:bookshelf":6,"minecraft:netherite_chestplate":1,"minecraft:blaze_rod":12,"minecraft:obsidian":3,"minecraft:iron_bars":14,"minecraft:cobblestone":2739,"minecraft:birch_log":19,"minecraft:enchanting_table":3,"minecraft:magma_block":9,"minecraft:cooked_beef":115,"minecraft:repeater":3,"minecraft:andesite":414,"minecraft:powder_snow_bucket":3,"minecraft:potato":1,"minecraft:flint":5,"minecraft:dirt":322,"minecraft:lapis_lazuli":87,"minecraft:polished_granite":83,"minecraft:bone":31,"minecraft:bow":4,"minecraft:stonecutter":1,"minecraft:wheat_seeds":3,"minecraft:raw_gold":26,"minecraft:grindstone":1,"minecraft:diamond_helmet":1,"minecraft:netherite_axe":1,"minecraft:fletching_table":1,"minecraft:mossy_stone_bricks":7,"minecraft:moss_block":2,"minecraft:oak_planks":39,"minecraft:warped_wart_block":1,"minecraft:spectral_arrow":26,"minecraft:shulker_box":5,"minecraft:barrel":1,"minecraft:mossy_cobblestone":1,"minecraft:light_gray_concrete":3,"minecraft:diamond":18,"minecraft:netherite_helmet":1,"minecraft:slime_block":9,"minecraft:lever":3,"minecraft:granite":451,"minecraft:white_concrete":5,"minecraft:emerald":2,"minecraft:netherrack":714,"minecraft:diamond_pickaxe":1,"minecraft:charcoal":24,"minecraft:crafting_table":5,"minecraft:nether_wart":17,"minecraft:clay_ball":8,"minecraft:gold_block":29,"minecraft:dragon_head":1,"minecraft:elytra":1,"minecraft:oak_trapdoor":3,"minecraft:iron_shovel":1,"minecraft:blackstone":141,"minecraft:cracked_stone_bricks":4,"minecraft:netherite_sword":1,"minecraft:iron_nugget":36,"minecraft:poppy":3,"minecraft:lectern":1,"minecraft:sugar_cane":141,"minecraft:chest":15,"minecraft:birch_sapling":2,"minecraft:piston":3,"minecraft:raw_iron":70,"minecraft:end_stone":70,"minecraft:stone":114,"minecraft:copper_ingot":1,"minecraft:carrot":1,"minecraft:redstone":144,"minecraft:netherite_pickaxe":1,"minecraft:arrow":27,"minecraft:gold_ingot":7,"minecraft:glow_berries":7,"minecraft:mutton":9,"minecraft:white_wool":2,"minecraft:rail":3,"minecraft:netherite_boots":1,"minecraft:glow_ink_sac":2,"minecraft:leather":4,"minecraft:birch_planks":23,"minecraft:oak_log":122,"minecraft:ancient_debris":3,"minecraft:gunpowder":7,"minecraft:cooked_mutton":7,"minecraft:stone_bricks":3,"minecraft:apple":8,"minecraft:iron_ingot":20,"minecraft:flowering_azalea":7,"minecraft:pumpkin":64,"minecraft:quartz":104,"minecraft:gravel":5,"minecraft:crying_obsidian":14,"minecraft:spider_eye":4,"minecraft:dragon_egg":1,"minecraft:polished_diorite":19,"minecraft:warped_roots":49,"minecraft:warped_nylium":2,"minecraft:coal":42,"minecraft:hopper":1,"minecraft:ender_pearl":25},"minecraft:crafted":{"minecraft:oak_planks":504,"minecraft:blaze_powder":14,"minecraft:stone":19,"minecraft:diamond_shovel":1,"minecraft:bookshelf":7,"minecraft:shulker_box":1,"minecraft:cooked_mutton":7,"minecraft:hopper":3,"minecraft:diamond_helmet":11,"minecraft:diamond_leggings":5,"minecraft:bow":1,"minecraft:iron_boots":1,"minecraft:chest":52,"minecraft:netherite_upgrade_smithing_template":28,"minecraft:ender_eye":14,"minecraft:oak_slab":6,"minecraft:emerald":2,"minecraft:diamond_axe":2,"minecraft:crafting_table":2,"minecraft:wooden_pickaxe":1,"minecraft:iron_helmet":1,"minecraft:snout_armor_trim_smithing_template":54,"minecraft:smithing_table":1,"minecraft:copper_ingot":116,"minecraft:gold_block":9,"minecraft:birch_planks":56,"minecraft:iron_chestplate":1,"minecraft:book":83,"minecraft:paper":255,"minecraft:diamond_pickaxe":7,"minecraft:shield":1,"minecraft:stick":228,"minecraft:iron_ingot":78,"minecraft:iron_pickaxe":1,"minecraft:iron_block":6,"minecraft:gold_ingot":175,"minecraft:netherite_ingot":23,"minecraft:stone_pickaxe":1,"minecraft:diamond_boots":9,"minecraft:netherite_scrap":96,"minecraft:diamond_sword":6,"minecraft:enchanting_table":1,"minecraft:bucket":1,"minecraft:stone_axe":1,"minecraft:air":0,"minecraft:wooden_axe":1,"minecraft:iron_shovel":1,"minecraft:anvil":2,"minecraft:torch":12,"minecraft:firework_rocket":18,"minecraft:diamond_chestplate":3},"minecraft:mined":{"minecraft:dragon_wall_head":1,"minecraft:sculk_vein":3,"minecraft:obsidian":3,"minecraft:granite":726,"minecraft:grass_block":13,"minecraft:polished_diorite":20,"minecraft:hopper":1,"minecraft:nether_wart":5,"minecraft:spawner":3,"minecraft:magma_block":9,"minecraft:fire":4,"minecraft:sticky_piston":22,"minecraft:iron_ore":64,"minecraft:barrel":1,"minecraft:fletching_table":1,"minecraft:deepslate_lapis_ore":4,"minecraft:anvil":1,"minecraft:enchanting_table":3,"minecraft:twisting_vines":1,"minecraft:cave_vines":2,"minecraft:oak_stairs":1,"minecraft:blackstone":342,"minecraft:clay":4,"minecraft:torch":8,"minecraft:chest":14,"minecraft:nether_quartz_ore":95,"minecraft:cobblestone":287,"minecraft:slime_block":11,"minecraft:grindstone":2,"minecraft:sugar_cane":99,"minecraft:oak_planks":30,"minecraft:iron_door":1,"minecraft:wall_torch":4,"minecraft:warped_nylium":2,"minecraft:repeater":3,"minecraft:birch_log":14,"minecraft:yellow_stained_glass_pane":1,"minecraft:grass":6,"minecraft:oak_log":52,"minecraft:dirt":318,"minecraft:stonecutter":1,"minecraft:ancient_debris":3,"minecraft:netherrack":2368,"minecraft:oak_leaves":4,"minecraft:deepslate":105,"minecraft:nether_gold_ore":31,"minecraft:tuff":1,"minecraft:mossy_cobblestone":1,"minecraft:deepslate_diamond_ore":15,"minecraft:shulker_box":5,"minecraft:end_stone":35,"minecraft:glow_lichen":2,"minecraft:lever":3,"minecraft:redstone_wire":19,"minecraft:moss_block":1,"minecraft:oak_trapdoor":3,"minecraft:furnace":2,"minecraft:andesite":541,"minecraft:gold_block":29,"minecraft:bookshelf":12,"minecraft:cobblestone_slab":2,"minecraft:stone":3251,"minecraft:redstone_wall_torch":3,"minecraft:flowering_azalea":1,"minecraft:glass_pane":3,"minecraft:comparator":1,"minecraft:soul_sand":5,"minecraft:polished_granite":84,"minecraft:crafting_table":5,"minecraft:warped_roots":1,"minecraft:lectern":1,"minecraft:copper_ore":56,"minecraft:lapis_ore":6,"minecraft:deepslate_gold_ore":7,"minecraft:diorite":385,"minecraft:warped_wart_block":1,"minecraft:redstone_torch":5,"minecraft:coal_ore":59,"minecraft:gravel":49,"minecraft:cobweb":13,"minecraft:cracked_stone_bricks":4,"minecraft:stone_bricks":5,"minecraft:mossy_stone_bricks":7,"minecraft:gold_ore":19},"minecraft:used":{"minecraft:moss_block":1,"minecraft:iron_shovel":186,"minecraft:elytra":2,"minecraft:poppy":1,"minecraft:chest":68,"minecraft:shield":58,"minecraft:stone":12,"minecraft:rotten_flesh":3,"minecraft:iron_chestplate":2,"minecraft:mutton":2,"minecraft:obsidian":46,"minecraft:glass":6,"minecraft:birch_sapling":2,"minecraft:iron_helmet":1,"minecraft:item_frame":17,"minecraft:netherite_boots":1,"minecraft:repeater":4,"minecraft:bow":156,"minecraft:furnace":2,"minecraft:diorite":6,"minecraft:diamond_boots":6,"minecraft:stone_pickaxe":54,"minecraft:oak_planks":107,"minecraft:ender_pearl":9,"minecraft:wooden_pickaxe":13,"minecraft:diamond_axe":79,"minecraft:sugar_cane":14,"minecraft:glow_berries":7,"minecraft:netherite_leggings":1,"minecraft:redstone_torch":15,"minecraft:sticky_piston":31,"minecraft:lever":10,"minecraft:firework_rocket":8,"minecraft:light_gray_concrete":77,"minecraft:lectern":2,"minecraft:polished_granite":512,"minecraft:iron_door":8,"minecraft:diamond_sword":238,"minecraft:grindstone":3,"minecraft:smithing_table":1,"minecraft:andesite":12,"minecraft:white_concrete":10,"minecraft:oak_trapdoor":68,"minecraft:netherite_sword":118,"minecraft:enchanting_table":4,"minecraft:flint_and_steel":7,"minecraft:armor_stand":2,"minecraft:redstone":55,"minecraft:netherrack":56,"minecraft:torch":1089,"minecraft:dirt":119,"minecraft:anvil":3,"minecraft:hopper":55,"minecraft:diamond_helmet":1,"minecraft:shulker_box":6,"minecraft:granite":22,"minecraft:polished_diorite":577,"minecraft:wooden_axe":11,"minecraft:flowering_azalea":1,"minecraft:bookshelf":39,"minecraft:light_weighted_pressure_plate":8,"minecraft:slime_block":13,"minecraft:iron_boots":1,"minecraft:golden_carrot":8,"minecraft:netherite_pickaxe":467,"minecraft:cooked_beef":55,"minecraft:cobbled_deepslate":2,"minecraft:powder_snow_bucket":17,"minecraft:cooked_mutton":2,"minecraft:water_bucket":16,"minecraft:birch_planks":30,"minecraft:polished_andesite":13,"minecraft:netherite_chestplate":2,"minecraft:cauldron":5,"minecraft:fletching_table":2,"minecraft:stonecutter":2,"minecraft:cobblestone_slab":65,"minecraft:rail":1,"minecraft:comparator":1,"minecraft:oak_slab":10,"minecraft:tnt":4,"minecraft:crafting_table":7,"minecraft:piston":4,"minecraft:ender_eye":11,"minecraft:diamond_pickaxe":8094,"minecraft:diamond_shovel":130,"minecraft:iron_pickaxe":84,"minecraft:netherite_axe":15,"minecraft:stone_axe":36,"minecraft:cobblestone":3027,"minecraft:bucket":15,"minecraft:glass_pane":13,"minecraft:diamond_leggings":7},"minecraft:killed":{"minecraft:cave_spider":4,"minecraft:witch":1,"minecraft:spider":3,"minecraft:shulker":14,"minecraft:skeleton":17,"minecraft:piglin_brute":2,"minecraft:magma_cube":6,"minecraft:piglin":8,"minecraft:iron_golem":4,"minecraft:ender_dragon":1,"minecraft:creeper":5,"minecraft:sheep":2,"minecraft:zombie":20,"minecraft:ghast":2,"minecraft:blaze":13,"minecraft:phantom":2,"minecraft:drowned":1,"minecraft:villager":2,"minecraft:enderman":8}},"DataVersion":3465}