{"stats":{"minecraft:crafted":{"minecraft:oak_door":3,"minecraft:oak_planks":40,"minecraft:cooked_porkchop":5,"minecraft:crafting_table":1,"minecraft:stick":8,"minecraft:wooden_pickaxe":1,"minecraft:stone_pickaxe":1,"minecraft:furnace":1,"minecraft:white_bed":1,"minecraft:stone_axe":1,"minecraft:air":0},"minecraft:custom":{"minecraft:time_since_rest":8045,"minecraft:interact_with_furnace":4,"minecraft:sprint_one_cm":30792,"minecraft:damage_taken":110,"minecraft:walk_one_cm":13751,"minecraft:mob_kills":20,"minecraft:damage_dealt":1981,"minecraft:swim_one_cm":12214,"minecraft:interact_with_crafting_table":6,"minecraft:fly_one_cm":54007,"minecraft:crouch_one_cm":49,"minecraft:play_time":17492,"minecraft:sneak_time":447,"minecraft:walk_under_water_one_cm":425,"minecraft:jump":251,"minecraft:leave_game":1,"minecraft:walk_on_water_one_cm":1746,"minecraft:time_since_death":17492,"minecraft:sleep_in_bed":1,"minecraft:total_world_time":17492,"minecraft:fall_one_cm":7464},"minecraft:killed":{"minecraft:sheep":6,"minecraft:skeleton":1,"minecraft:pig":5,"minecraft:cow":8},"minecraft:used":{"minecraft:stone_pickaxe":29,"minecraft:wooden_pickaxe":12,"minecraft:stone_axe":45,"minecraft:oak_door":1,"minecraft:crafting_table":3,"minecraft:furnace":1,"minecraft:cooked_porkchop":2,"minecraft:white_bed":1},"minecraft:mined":{"minecraft:white_bed":1,"minecraft:furnace":1,"minecraft:iron_ore":3,"minecraft:birch_leaves":1,"minecraft:pumpkin":1,"minecraft:crafting_table":3,"minecraft:short_grass":7,"minecraft:oak_log":10,"minecraft:coal_ore":9,"minecraft:copper_ore":1,"minecraft:tall_grass":3,"minecraft:stone":20,"minecraft:oak_leaves":2},"minecraft:picked_up":{"minecraft:raw_iron":3,"minecraft:crafting_table":3,"minecraft:pumpkin":1,"minecraft:leather":9,"minecraft:porkchop":5,"minecraft:oak_log":10,"minecraft:white_bed":1,"minecraft:raw_copper":3,"minecraft:bone":2,"minecraft:wheat_seeds":1,"minecraft:beef":12,"minecraft:mutton":10,"minecraft:coal":17,"minecraft:white_wool":6,"minecraft:cobblestone":20,"minecraft:furnace":1}},"DataVersion":3953}