{"stats":{"minecraft:crafted":{"minecraft:cooked_beef":6,"minecraft:grindstone":1,"minecraft:oak_door":3,"minecraft:oak_planks":172,"minecraft:cooked_porkchop":5,"minecraft:iron_nugget":1,"minecraft:crafting_table":2,"minecraft:enchanting_table":1,"minecraft:wooden_pickaxe":1,"minecraft:iron_helmet":1,"minecraft:iron_sword":1,"minecraft:furnace":4,"minecraft:stone":3,"minecraft:bucket":1,"minecraft:stone_axe":1,"minecraft:cooked_mutton":9,"minecraft:air":0,"minecraft:flint_and_steel":1,"minecraft:book":1,"minecraft:diamond_helmet":1,"minecraft:diamond_leggings":1,"minecraft:iron_boots":1,"minecraft:iron_chestplate":1,"minecraft:paper":3,"minecraft:diamond_pickaxe":1,"minecraft:shield":2,"minecraft:stone_slab":6,"minecraft:stick":24,"minecraft:iron_ingot":36,"minecraft:iron_pickaxe":1,"minecraft:stone_pickaxe":1,"minecraft:diamond_boots":1,"minecraft:iron_leggings":1,"minecraft:white_bed":1,"minecraft:diamond_chestplate":1},"minecraft:custom":{"minecraft:interact_with_furnace":81,"minecraft:mob_kills":35,"minecraft:interact_with_crafting_table":39,"minecraft:interact_with_grindstone":2,"minecraft:leave_game":1,"minecraft:time_since_death":37518,"minecraft:sleep_in_bed":1,"minecraft:time_since_rest":37547,"minecraft:sprint_one_cm":158470,"minecraft:damage_taken":1344,"minecraft:walk_one_cm":61438,"minecraft:damage_blocked_by_shield":1780,"minecraft:drop":16,"minecraft:damage_dealt":5160,"minecraft:swim_one_cm":24829,"minecraft:fly_one_cm":236012,"minecraft:crouch_one_cm":2226,"minecraft:play_time":65492,"minecraft:deaths":2,"minecraft:sneak_time":2343,"minecraft:walk_under_water_one_cm":14722,"minecraft:jump":1105,"minecraft:walk_on_water_one_cm":14687,"minecraft:enchant_item":8,"minecraft:total_world_time":65492,"minecraft:fall_one_cm":32333},"minecraft:killed":{"minecraft:pig":7,"minecraft:spider":1,"minecraft:skeleton":6,"minecraft:sheep":6,"minecraft:zombie":6,"minecraft:enderman":1,"minecraft:cow":8},"minecraft:dropped":{"minecraft:wheat_seeds":1,"minecraft:lapis_lazuli":98,"minecraft:cooked_beef":4,"minecraft:cooked_porkchop":3,"minecraft:iron_helmet":1,"minecraft:oak_planks":39,"minecraft:iron_boots":1,"minecraft:shield":1,"minecraft:iron_chestplate":1,"minecraft:iron_pickaxe":1},"minecraft:broken":{"minecraft:stone_axe":1},"minecraft:mined":{"minecraft:white_bed":1,"minecraft:deepslate_diamond_ore":29,"minecraft:oak_door":2,"minecraft:obsidian":4,"minecraft:crafting_table":5,"minecraft:short_grass":7,"minecraft:tall_grass":3,"minecraft:copper_ore":1,"minecraft:lapis_ore":8,"minecraft:grindstone":1,"minecraft:oak_planks":11,"minecraft:furnace":7,"minecraft:iron_ore":27,"minecraft:birch_leaves":1,"minecraft:pumpkin":1,"minecraft:deepslate_lapis_ore":3,"minecraft:enchanting_table":1,"minecraft:coal_ore":9,"minecraft:oak_log":43,"minecraft:deepslate_iron_ore":20,"minecraft:gravel":8,"minecraft:stone":37,"minecraft:deepslate":17,"minecraft:oak_leaves":7},"minecraft:used":{"minecraft:cooked_mutton":9,"minecraft:water_bucket":19,"minecraft:enchanting_table":2,"minecraft:stone_pickaxe":70,"minecraft:oak_planks":36,"minecraft:wooden_pickaxe":12,"minecraft:shield":19,"minecraft:iron_sword":41,"minecraft:iron_chestplate":1,"minecraft:oak_door":2,"minecraft:dirt":1,"minecraft:crafting_table":8,"minecraft:white_bed":2,"minecraft:diamond_pickaxe":63,"minecraft:iron_pickaxe":30,"minecraft:iron_helmet":1,"minecraft:iron_boots":1,"minecraft:gravel":8,"minecraft:stone_axe":102,"minecraft:grindstone":2,"minecraft:furnace":10,"minecraft:cooked_porkchop":2,"minecraft:bucket":19,"minecraft:cooked_beef":2,"minecraft:iron_leggings":1},"minecraft:killed_by":{"minecraft:skeleton":1,"minecraft:zombie":1},"minecraft:picked_up":{"minecraft:enchanting_table":1,"minecraft:crafting_table":6,"minecraft:cooked_beef":2,"minecraft:leather":27,"minecraft:wooden_pickaxe":1,"minecraft:flint":1,"minecraft:oak_log":109,"minecraft:shield":2,"minecraft:lapis_lazuli":113,"minecraft:dirt":2,"minecraft:raw_copper":9,"minecraft:bone":10,"minecraft:wheat_seeds":3,"minecraft:cobbled_deepslate":24,"minecraft:grindstone":1,"minecraft:beef":36,"minecraft:iron_ingot":20,"minecraft:stone_pickaxe":2,"minecraft:oak_planks":25,"minecraft:iron_sword":1,"minecraft:furnace":7,"minecraft:golden_helmet":1,"minecraft:stick":10,"minecraft:raw_iron":77,"minecraft:oak_door":5,"minecraft:cooked_porkchop":6,"minecraft:pumpkin":3,"minecraft:gravel":8,"minecraft:porkchop":9,"minecraft:white_bed":2,"minecraft:arrow":3,"minecraft:rotten_flesh":7,"minecraft:diamond":29,"minecraft:stone_axe":2,"minecraft:obsidian":4,"minecraft:oak_sapling":15,"minecraft:mutton":20,"minecraft:coal":171,"minecraft:white_wool":12,"minecraft:cobblestone":51,"minecraft:ender_pearl":1}},"DataVersion":3953}