{"stats":{"minecraft:crafted":{"minecraft:oak_planks":16,"minecraft:crafting_table":1,"minecraft:stick":4,"minecraft:wooden_pickaxe":1,"minecraft:stone_pickaxe":1},"minecraft:custom":{"minecraft:time_since_rest":5938,"minecraft:play_time":5938,"minecraft:sprint_one_cm":4113,"minecraft:damage_taken":20,"minecraft:walk_one_cm":4155,"minecraft:jump":20,"minecraft:time_since_death":5938,"minecraft:total_world_time":5938,"minecraft:interact_with_crafting_table":2,"minecraft:fall_one_cm":693,"minecraft:fly_one_cm":2369},"minecraft:used":{"minecraft:crafting_table":1,"minecraft:stone_pickaxe":8,"minecraft:wooden_pickaxe":12},"minecraft:mined":{"minecraft:short_grass":1,"minecraft:coal_ore":2,"minecraft:oak_log":4,"minecraft:stone":18,"minecraft:birch_leaves":1,"minecraft:oak_leaves":2},"minecraft:picked_up":{"minecraft:oak_log":4,"minecraft:coal":2,"minecraft:cobblestone":18}},"DataVersion":3953}