{"stats":{"minecraft:crafted":{"minecraft:grindstone":1,"minecraft:oak_door":3,"minecraft:oak_planks":724,"minecraft:iron_nugget":2,"minecraft:oak_pressure_plate":6,"minecraft:furnace":22,"minecraft:stone":3,"minecraft:cooked_mutton":9,"minecraft:flint_and_steel":1,"minecraft:glass":10,"minecraft:diamond_helmet":2,"minecraft:diamond_leggings":2,"minecraft:iron_boots":1,"minecraft:iron_axe":1,"minecraft:ladder":60,"minecraft:stone_pickaxe":1,"minecraft:chest":13,"minecraft:diamond_boots":2,"minecraft:iron_door":3,"minecraft:oak_fence":6,"minecraft:cooked_beef":11,"minecraft:cooked_porkchop":5,"minecraft:crafting_table":12,"minecraft:enchanting_table":1,"minecraft:wooden_pickaxe":1,"minecraft:iron_helmet":1,"minecraft:iron_sword":1,"minecraft:bucket":1,"minecraft:stone_axe":1,"minecraft:air":0,"minecraft:oak_fence_gate":4,"minecraft:oak_boat":1,"minecraft:oak_chest_boat":1,"minecraft:iron_chestplate":1,"minecraft:book":1,"minecraft:paper":3,"minecraft:diamond_pickaxe":2,"minecraft:shield":2,"minecraft:stick":172,"minecraft:stone_slab":6,"minecraft:iron_ingot":46,"minecraft:iron_pickaxe":1,"minecraft:gold_ingot":13,"minecraft:iron_leggings":1,"minecraft:white_bed":2,"minecraft:diamond_chestplate":2},"minecraft:custom":{"minecraft:interact_with_anvil":9,"minecraft:mob_kills":57,"minecraft:interact_with_crafting_table":64,"minecraft:leave_game":2,"minecraft:time_since_death":152622,"minecraft:climb_one_cm":8929,"minecraft:sprint_one_cm":481403,"minecraft:walk_one_cm":234160,"minecraft:damage_blocked_by_shield":1900,"minecraft:drop":34,"minecraft:talked_to_villager":1,"minecraft:play_time":180596,"minecraft:deaths":2,"minecraft:sneak_time":11156,"minecraft:walk_under_water_one_cm":36044,"minecraft:boat_one_cm":171776,"minecraft:jump":2412,"minecraft:walk_on_water_one_cm":56196,"minecraft:enchant_item":22,"minecraft:total_world_time":180596,"minecraft:interact_with_furnace":107,"minecraft:interact_with_grindstone":8,"minecraft:sleep_in_bed":2,"minecraft:time_since_rest":50836,"minecraft:damage_taken":2071,"minecraft:damage_dealt":8131,"minecraft:fly_one_cm":452765,"minecraft:swim_one_cm":68114,"minecraft:open_chest":58,"minecraft:crouch_one_cm":30968,"minecraft:fall_one_cm":59354},"minecraft:killed":{"minecraft:armadillo":2,"minecraft:spider":2,"minecraft:skeleton":8,"minecraft:chicken":1,"minecraft:pig":7,"minecraft:zombie_villager":1,"minecraft:wandering_trader":1,"minecraft:creeper":2,"minecraft:sheep":9,"minecraft:trader_llama":2,"minecraft:zombie":8,"minecraft:ghast":2,"minecraft:cow":11,"minecraft:enderman":1},"minecraft:dropped":{"minecraft:iron_sword":1,"minecraft:wheat_seeds":3,"minecraft:lapis_lazuli":98,"minecraft:cooked_beef":4,"minecraft:cooked_porkchop":3,"minecraft:iron_helmet":1,"minecraft:cobblestone":1,"minecraft:diamond_helmet":1,"minecraft:iron_axe":1,"minecraft:iron_pickaxe":1,"minecraft:iron_nugget":9,"minecraft:nether_brick":7,"minecraft:rotten_flesh":2,"minecraft:oak_planks":39,"minecraft:iron_boots":1,"minecraft:stone_slab":5,"minecraft:filled_map":1,"minecraft:oak_chest_boat":1,"minecraft:shield":1,"minecraft:gunpowder":1,"minecraft:iron_chestplate":1,"minecraft:warped_wart_block":1},"minecraft:broken":{"minecraft:golden_helmet":1,"minecraft:stone_axe":1},"minecraft:mined":{"minecraft:white_bed":1,"minecraft:deepslate_diamond_ore":29,"minecraft:oak_door":2,"minecraft:obsidian":5,"minecraft:granite":33,"minecraft:ladder":1,"minecraft:grass_block":10,"minecraft:oxeye_daisy":1,"minecraft:furnace":8,"minecraft:iron_ore":27,"minecraft:fire":8,"minecraft:andesite":57,"minecraft:pumpkin":1,"minecraft:anvil":1,"minecraft:deepslate_lapis_ore":3,"minecraft:azure_bluet":1,"minecraft:gold_block":1,"minecraft:enchanting_table":3,"minecraft:deepslate_iron_ore":20,"minecraft:stone":1734,"minecraft:dandelion":1,"minecraft:crafting_table":7,"minecraft:short_grass":37,"minecraft:poppy":1,"minecraft:cobblestone":106,"minecraft:copper_ore":16,"minecraft:nether_quartz_ore":16,"minecraft:tall_grass":4,"minecraft:lapis_ore":9,"minecraft:grindstone":1,"minecraft:oak_planks":55,"minecraft:diorite":1,"minecraft:warped_wart_block":11,"minecraft:warped_nylium":21,"minecraft:birch_leaves":1,"minecraft:oak_log":56,"minecraft:coal_ore":9,"minecraft:oak_fence_gate":1,"minecraft:gravel":8,"minecraft:sand":47,"minecraft:dirt":146,"minecraft:netherrack":377,"minecraft:oak_leaves":9,"minecraft:deepslate":18},"minecraft:used":{"minecraft:oak_fence":6,"minecraft:enchanting_table":4,"minecraft:flint_and_steel":10,"minecraft:ladder":13,"minecraft:chest":12,"minecraft:shield":21,"minecraft:iron_sword":97,"minecraft:wooden_shovel":42,"minecraft:player_head":2,"minecraft:netherrack":207,"minecraft:iron_chestplate":1,"minecraft:oak_door":4,"minecraft:torch":29,"minecraft:dirt":52,"minecraft:warped_wart_block":2,"minecraft:anvil":2,"minecraft:diamond_helmet":1,"minecraft:oak_fence_gate":4,"minecraft:obsidian":21,"minecraft:glass":3,"minecraft:bookshelf":27,"minecraft:iron_axe":2,"minecraft:birch_sapling":1,"minecraft:iron_helmet":1,"minecraft:iron_boots":1,"minecraft:diamond_chestplate":1,"minecraft:oak_sapling":1,"minecraft:furnace":30,"minecraft:cooked_beef":14,"minecraft:cobbled_deepslate":3,"minecraft:golden_axe":12,"minecraft:oak_chest_boat":3,"minecraft:iron_leggings":1,"minecraft:cooked_mutton":9,"minecraft:water_bucket":134,"minecraft:diamond_boots":1,"minecraft:stone_pickaxe":84,"minecraft:oak_planks":173,"minecraft:wooden_pickaxe":12,"minecraft:sugar_cane":4,"minecraft:warped_roots":1,"minecraft:sand":24,"minecraft:crafting_table":19,"minecraft:white_bed":3,"minecraft:oak_log":58,"minecraft:diamond_pickaxe":2540,"minecraft:bread":3,"minecraft:iron_pickaxe":30,"minecraft:oak_pressure_plate":6,"minecraft:iron_door":3,"minecraft:gravel":8,"minecraft:stone_axe":161,"minecraft:cobblestone":252,"minecraft:cooked_porkchop":2,"minecraft:grindstone":2,"minecraft:andesite":20,"minecraft:bucket":132},"minecraft:killed_by":{"minecraft:skeleton":1,"minecraft:zombie":1},"minecraft:picked_up":{"minecraft:crafting_table":8,"minecraft:azure_bluet":1,"minecraft:anvil":1,"minecraft:ladder":1,"minecraft:lead":2,"minecraft:stone_slab":10,"minecraft:wooden_pickaxe":1,"minecraft:gold_block":1,"minecraft:nether_brick":11,"minecraft:shield":2,"minecraft:iron_axe":1,"minecraft:raw_copper":61,"minecraft:cobbled_deepslate":25,"minecraft:beef":41,"minecraft:player_head":2,"minecraft:iron_nugget":8,"minecraft:poppy":1,"minecraft:birch_sapling":1,"minecraft:furnace":8,"minecraft:golden_helmet":1,"minecraft:raw_iron":77,"minecraft:stick":17,"minecraft:oak_door":5,"minecraft:torch":1,"minecraft:porkchop":9,"minecraft:diorite":1,"minecraft:arrow":3,"minecraft:rotten_flesh":18,"minecraft:oak_chest_boat":4,"minecraft:mutton":24,"minecraft:obsidian":5,"minecraft:white_wool":15,"minecraft:cobblestone":1792,"minecraft:oxeye_daisy":1,"minecraft:enchanting_table":3,"minecraft:cooked_beef":2,"minecraft:andesite":57,"minecraft:leather":32,"minecraft:flint":1,"minecraft:oak_log":138,"minecraft:gunpowder":3,"minecraft:lapis_lazuli":119,"minecraft:dirt":168,"minecraft:bone":12,"minecraft:wheat_seeds":5,"minecraft:oak_fence_gate":1,"minecraft:iron_ingot":20,"minecraft:grindstone":1,"minecraft:stone_pickaxe":2,"minecraft:diamond_helmet":1,"minecraft:iron_sword":1,"minecraft:oak_planks":70,"minecraft:cooked_porkchop":6,"minecraft:pumpkin":3,"minecraft:warped_wart_block":3,"minecraft:quartz":16,"minecraft:dandelion":1,"minecraft:gravel":8,"minecraft:sand":47,"minecraft:white_bed":2,"minecraft:diamond":29,"minecraft:stone_axe":3,"minecraft:granite":33,"minecraft:warped_roots":1,"minecraft:oak_sapling":17,"minecraft:coal":185,"minecraft:netherrack":390,"minecraft:ender_pearl":1}},"DataVersion":3953}