{"stats":{"minecraft:used":{"minecraft:moss_block":1,"minecraft:iron_shovel":188,"minecraft:oak_sign":9,"minecraft:dispenser":15,"minecraft:poppy":1,"minecraft:ladder":71,"minecraft:diamond_hoe":42,"minecraft:elytra":29,"minecraft:chest":156,"minecraft:shield":59,"minecraft:stone":46,"minecraft:nether_wart":2,"minecraft:rotten_flesh":3,"minecraft:iron_chestplate":2,"minecraft:soul_sand":3,"minecraft:mutton":2,"minecraft:carrot":172,"minecraft:obsidian":74,"minecraft:glass":114,"minecraft:lava_bucket":2,"minecraft:birch_sapling":2,"minecraft:netherite_hoe":183,"minecraft:iron_helmet":1,"minecraft:hopper_minecart":4,"minecraft:stone_brick_stairs":110,"minecraft:stone_bricks":1440,"minecraft:item_frame":25,"minecraft:netherite_boots":1,"minecraft:repeater":29,"minecraft:bow":245,"minecraft:furnace":2,"minecraft:cooked_cod":1,"minecraft:diorite":7,"minecraft:diamond_boots":6,"minecraft:stone_pickaxe":54,"minecraft:oak_planks":115,"minecraft:ender_pearl":26,"minecraft:wooden_pickaxe":13,"minecraft:composter":2,"minecraft:diamond_axe":79,"minecraft:sugar_cane":14,"minecraft:oak_leaves":131,"minecraft:glow_berries":7,"minecraft:netherite_leggings":2,"minecraft:blast_furnace":1,"minecraft:end_stone":11,"minecraft:redstone_torch":23,"minecraft:sticky_piston":31,"minecraft:lever":11,"minecraft:firework_rocket":108,"minecraft:light_gray_concrete":77,"minecraft:bread":4,"minecraft:lectern":7,"minecraft:polished_granite":512,"minecraft:iron_door":8,"minecraft:diamond_sword":238,"minecraft:grindstone":3,"minecraft:smithing_table":1,"minecraft:andesite":12,"minecraft:white_concrete":10,"minecraft:oak_trapdoor":80,"minecraft:netherite_sword":484,"minecraft:iron_bars":1,"minecraft:enchanting_table":4,"minecraft:flint_and_steel":9,"minecraft:armor_stand":2,"minecraft:redstone":64,"minecraft:dried_kelp":1,"minecraft:netherrack":56,"minecraft:torch":1097,"minecraft:dirt":350,"minecraft:anvil":3,"minecraft:white_carpet":124,"minecraft:hopper":88,"minecraft:cobblestone_wall":101,"minecraft:diamond_helmet":1,"minecraft:shulker_box":49,"minecraft:granite":25,"minecraft:oak_fence_gate":52,"minecraft:polished_diorite":579,"minecraft:stone_brick_slab":89,"minecraft:wooden_axe":26,"minecraft:flowering_azalea":1,"minecraft:bookshelf":39,"minecraft:light_weighted_pressure_plate":8,"minecraft:slime_block":13,"minecraft:iron_boots":1,"minecraft:barrel":13,"minecraft:glowstone":2,"minecraft:golden_carrot":23,"minecraft:minecart":4,"minecraft:netherite_pickaxe":1235,"minecraft:cooked_beef":64,"minecraft:observer":18,"minecraft:cobbled_deepslate":2,"minecraft:powder_snow_bucket":17,"minecraft:enchanted_golden_apple":2,"minecraft:wheat_seeds":1,"minecraft:cooked_mutton":2,"minecraft:water_bucket":291,"minecraft:birch_planks":30,"minecraft:polished_andesite":13,"minecraft:netherite_chestplate":28,"minecraft:cauldron":5,"minecraft:stonecutter":2,"minecraft:fletching_table":2,"minecraft:cobblestone_slab":1487,"minecraft:salmon":3,"minecraft:rail":6,"minecraft:comparator":3,"minecraft:crafting_table":7,"minecraft:tnt":4,"minecraft:oak_slab":10,"minecraft:white_bed":22,"minecraft:piston":4,"minecraft:ender_eye":11,"minecraft:diamond_pickaxe":8094,"minecraft:diamond_shovel":2354,"minecraft:iron_pickaxe":84,"minecraft:netherite_axe":80,"minecraft:spruce_trapdoor":2,"minecraft:stone_axe":36,"minecraft:cobblestone":4055,"minecraft:cooked_porkchop":18,"minecraft:bucket":63,"minecraft:glass_pane":13,"minecraft:yellow_bed":3,"minecraft:diamond_leggings":7},"minecraft:picked_up":{"minecraft:shulker_shell":3,"minecraft:wheat":13,"minecraft:anvil":1,"minecraft:prismarine_shard":2,"minecraft:diamond_sword":1,"minecraft:oak_stairs":1,"minecraft:nether_brick":199,"minecraft:stone_brick_stairs":14,"minecraft:string":75,"minecraft:raw_copper":347,"minecraft:sticky_piston":21,"minecraft:armor_stand":1,"minecraft:diamond_leggings":1,"minecraft:gold_nugget":59,"minecraft:cobbled_deepslate":161,"minecraft:comparator":2,"minecraft:bucket":3,"minecraft:eye_armor_trim_smithing_template":1,"minecraft:redstone_torch":12,"minecraft:rose_bush":6,"minecraft:cobblestone_slab":40,"minecraft:ender_eye":5,"minecraft:iron_pickaxe":1,"minecraft:furnace":2,"minecraft:stick":9,"minecraft:composter":2,"minecraft:torch":85,"minecraft:dried_kelp":1,"minecraft:diorite":349,"minecraft:warped_planks":22,"minecraft:rotten_flesh":55,"minecraft:bookshelf":6,"minecraft:netherite_chestplate":1,"minecraft:blaze_rod":20,"minecraft:obsidian":4,"minecraft:iron_bars":14,"minecraft:cod":1,"minecraft:cobblestone":3080,"minecraft:sponge":13,"minecraft:birch_log":19,"minecraft:enchanting_table":3,"minecraft:magma_block":9,"minecraft:cooked_beef":115,"minecraft:repeater":4,"minecraft:andesite":431,"minecraft:powder_snow_bucket":3,"minecraft:potato":1,"minecraft:flint":6,"minecraft:prismarine_bricks":2,"minecraft:dirt":512,"minecraft:lapis_lazuli":87,"minecraft:polished_granite":83,"minecraft:bone":40,"minecraft:bow":4,"minecraft:stonecutter":1,"minecraft:wheat_seeds":32,"minecraft:raw_gold":26,"minecraft:grindstone":1,"minecraft:diamond_helmet":3,"minecraft:fletching_table":1,"minecraft:netherite_axe":1,"minecraft:mossy_stone_bricks":8,"minecraft:prismarine":4,"minecraft:moss_block":2,"minecraft:oak_planks":50,"minecraft:ghast_tear":1,"minecraft:warped_wart_block":1,"minecraft:ink_sac":12,"minecraft:spectral_arrow":26,"minecraft:shulker_box":45,"minecraft:barrel":13,"minecraft:mossy_cobblestone":1,"minecraft:dark_prismarine":5,"minecraft:light_gray_concrete":3,"minecraft:dispenser":1,"minecraft:deepslate":5,"minecraft:diamond":23,"minecraft:netherite_helmet":1,"minecraft:slime_block":9,"minecraft:lever":3,"minecraft:granite":454,"minecraft:white_concrete":5,"minecraft:emerald":2,"minecraft:netherrack":721,"minecraft:diamond_pickaxe":2,"minecraft:charcoal":29,"minecraft:crafting_table":5,"minecraft:nether_wart":36,"minecraft:clay_ball":8,"minecraft:gold_block":33,"minecraft:dragon_head":1,"minecraft:elytra":1,"minecraft:oak_trapdoor":3,"minecraft:white_carpet":2,"minecraft:iron_shovel":1,"minecraft:blackstone":141,"minecraft:cracked_stone_bricks":21,"minecraft:netherite_sword":1,"minecraft:minecart":3,"minecraft:iron_nugget":36,"minecraft:poppy":3,"minecraft:lectern":6,"minecraft:sugar_cane":216,"minecraft:chest":31,"minecraft:birch_sapling":2,"minecraft:piston":3,"minecraft:raw_iron":70,"minecraft:end_stone":70,"minecraft:stone":171,"minecraft:copper_ingot":1,"minecraft:spruce_fence":2,"minecraft:carrot":650,"minecraft:redstone":146,"minecraft:netherite_pickaxe":2,"minecraft:arrow":35,"minecraft:diamond_chestplate":1,"minecraft:diamond_boots":1,"minecraft:gold_ingot":7,"minecraft:mutton":9,"minecraft:glow_berries":7,"minecraft:bone_block":5,"minecraft:rail":3,"minecraft:white_wool":2,"minecraft:wet_sponge":15,"minecraft:netherite_boots":1,"minecraft:glow_ink_sac":2,"minecraft:salmon":3,"minecraft:leather":6,"minecraft:birch_planks":23,"minecraft:oak_log":125,"minecraft:ancient_debris":3,"minecraft:yellow_bed":5,"minecraft:cobblestone_wall":1,"minecraft:gunpowder":77,"minecraft:cooked_mutton":17,"minecraft:stone_bricks":24,"minecraft:apple":8,"minecraft:kelp":17,"minecraft:oak_fence_gate":4,"minecraft:iron_ingot":82,"minecraft:soul_sand":2,"minecraft:flowering_azalea":7,"minecraft:sculk_catalyst":1,"minecraft:pumpkin":64,"minecraft:stone_brick_slab":30,"minecraft:quartz":104,"minecraft:cracked_nether_bricks":2,"minecraft:gravel":21,"minecraft:blast_furnace":1,"minecraft:white_bed":19,"minecraft:crying_obsidian":14,"minecraft:spider_eye":4,"minecraft:dragon_egg":1,"minecraft:firework_rocket":31,"minecraft:polished_diorite":38,"minecraft:warped_roots":49,"minecraft:warped_nylium":2,"minecraft:hopper":2,"minecraft:coal":74,"minecraft:ender_pearl":150},"minecraft:dropped":{"minecraft:birch_planks":23,"minecraft:lapis_lazuli":167,"minecraft:oak_log":48,"minecraft:ender_pearl":27,"minecraft:diamond":1,"minecraft:warped_roots":25,"minecraft:leather":2,"minecraft:rail":2,"minecraft:emerald":17,"minecraft:dirt":38,"minecraft:gold_nugget":11,"minecraft:iron_pickaxe":1,"minecraft:birch_log":4,"minecraft:gold_ingot":19,"minecraft:gravel":16,"minecraft:blackstone":43,"minecraft:nether_brick":4,"minecraft:rotten_flesh":4,"minecraft:oak_planks":56,"minecraft:end_stone":1,"minecraft:warped_planks":11,"minecraft:carrot":1472,"minecraft:gunpowder":64,"minecraft:hopper":2,"minecraft:crying_obsidian":7,"minecraft:quartz":28,"minecraft:netherrack":70,"minecraft:firework_rocket":97,"minecraft:iron_ingot":58,"minecraft:water_bucket":1,"minecraft:netherite_pickaxe":1,"minecraft:wheat_seeds":28,"minecraft:diamond_leggings":1,"minecraft:cobblestone":87,"minecraft:stick":104,"minecraft:diamond_helmet":4,"minecraft:pumpkin":32,"minecraft:flowering_azalea":3,"minecraft:string":28,"minecraft:bucket":3,"minecraft:redstone":55,"minecraft:warped_nylium":1,"minecraft:nether_wart":34,"minecraft:blaze_rod":8,"minecraft:raw_copper":59,"minecraft:composter":1,"minecraft:suspicious_stew":1,"minecraft:diamond_sword":1,"minecraft:powder_snow_bucket":5,"minecraft:diamond_chestplate":1,"minecraft:diamond_pickaxe":2,"minecraft:dragon_egg":1,"minecraft:andesite":193,"minecraft:redstone_torch":1,"minecraft:spider_eye":1,"minecraft:diamond_boots":1},"minecraft:killed_by":{"minecraft:endermite":1},"minecraft:custom":{"minecraft:interact_with_crafting_table":88,"minecraft:open_barrel":5,"minecraft:open_shulker_box":185,"minecraft:leave_game":10,"minecraft:time_since_death":207446,"minecraft:damage_resisted":304,"minecraft:sprint_one_cm":2629797,"minecraft:damage_blocked_by_shield":2020,"minecraft:drop":112,"minecraft:talked_to_villager":47,"minecraft:play_time":955889,"minecraft:deaths":6,"minecraft:jump":6167,"minecraft:interact_with_brewingstand":4,"minecraft:walk_on_water_one_cm":158633,"minecraft:enchant_item":82,"minecraft:interact_with_furnace":79,"minecraft:traded_with_villager":18,"minecraft:sleep_in_bed":2,"minecraft:open_enderchest":4,"minecraft:damage_dealt":43185,"minecraft:player_kills":4,"minecraft:crouch_one_cm":176291,"minecraft:inspect_dispenser":14,"minecraft:interact_with_smithing_table":9,"minecraft:mob_kills":1181,"minecraft:interact_with_anvil":45,"minecraft:inspect_hopper":10,"minecraft:fill_cauldron":16,"minecraft:climb_one_cm":18721,"minecraft:walk_one_cm":1595641,"minecraft:sneak_time":42564,"minecraft:walk_under_water_one_cm":103525,"minecraft:interact_with_blast_furnace":19,"minecraft:total_world_time":955889,"minecraft:interact_with_grindstone":24,"minecraft:interact_with_stonecutter":7,"minecraft:time_since_rest":161563,"minecraft:damage_taken":9893,"minecraft:damage_absorbed":322,"minecraft:minecart_one_cm":7,"minecraft:swim_one_cm":122466,"minecraft:fly_one_cm":4732432,"minecraft:open_chest":642,"minecraft:aviate_one_cm":2608315,"minecraft:fall_one_cm":537470},"minecraft:killed":{"minecraft:cave_spider":4,"minecraft:zombified_piglin":8,"minecraft:witch":4,"minecraft:spider":3,"minecraft:shulker":14,"minecraft:skeleton":22,"minecraft:piglin_brute":2,"minecraft:magma_cube":6,"minecraft:piglin":8,"minecraft:elder_guardian":1,"minecraft:iron_golem":6,"minecraft:ender_dragon":1,"minecraft:creeper":9,"minecraft:sheep":2,"minecraft:zombie":29,"minecraft:ghast":3,"minecraft:blaze":21,"minecraft:phantom":4,"minecraft:drowned":1,"minecraft:warden":1,"minecraft:wither_skeleton":3,"minecraft:villager":19,"minecraft:enderman":1000},"minecraft:crafted":{"minecraft:oak_planks":516,"minecraft:blaze_powder":14,"minecraft:stone":19,"minecraft:diamond_shovel":1,"minecraft:bookshelf":7,"minecraft:shulker_box":1,"minecraft:cooked_mutton":7,"minecraft:hopper":3,"minecraft:diamond_helmet":11,"minecraft:diamond_leggings":5,"minecraft:bow":1,"minecraft:iron_boots":1,"minecraft:chest":52,"minecraft:netherite_upgrade_smithing_template":28,"minecraft:ender_eye":14,"minecraft:oak_slab":18,"minecraft:emerald":18,"minecraft:cooked_porkchop":18,"minecraft:diamond_axe":2,"minecraft:crafting_table":2,"minecraft:wooden_pickaxe":1,"minecraft:iron_helmet":1,"minecraft:snout_armor_trim_smithing_template":54,"minecraft:smithing_table":1,"minecraft:copper_ingot":179,"minecraft:gold_block":9,"minecraft:birch_planks":56,"minecraft:iron_chestplate":1,"minecraft:book":83,"minecraft:paper":330,"minecraft:diamond_pickaxe":7,"minecraft:shield":1,"minecraft:stick":228,"minecraft:iron_ingot":78,"minecraft:iron_pickaxe":1,"minecraft:iron_block":6,"minecraft:gold_ingot":263,"minecraft:netherite_ingot":23,"minecraft:composter":1,"minecraft:sponge":15,"minecraft:golden_carrot":61,"minecraft:stone_pickaxe":1,"minecraft:diamond_boots":9,"minecraft:netherite_scrap":96,"minecraft:cooked_beef":9,"minecraft:cooked_cod":1,"minecraft:diamond_sword":6,"minecraft:enchanting_table":1,"minecraft:bucket":1,"minecraft:stone_axe":1,"minecraft:air":0,"minecraft:gold_nugget":576,"minecraft:wooden_axe":1,"minecraft:iron_shovel":1,"minecraft:anvil":2,"minecraft:torch":12,"minecraft:diamond_chestplate":3,"minecraft:firework_rocket":243},"minecraft:mined":{"minecraft:dragon_wall_head":1,"minecraft:white_bed":23,"minecraft:farmland":75,"minecraft:sculk_vein":8,"minecraft:obsidian":4,"minecraft:granite":729,"minecraft:grass_block":863,"minecraft:polished_diorite":39,"minecraft:composter":1,"minecraft:hopper":2,"minecraft:nether_wart":6,"minecraft:spawner":3,"minecraft:magma_block":9,"minecraft:fire":9,"minecraft:iron_ore":64,"minecraft:sticky_piston":22,"minecraft:barrel":13,"minecraft:fletching_table":1,"minecraft:deepslate_lapis_ore":4,"minecraft:anvil":1,"minecraft:enchanting_table":3,"minecraft:twisting_vines":1,"minecraft:sculk_shrieker":14,"minecraft:cave_vines":2,"minecraft:dirt_path":3,"minecraft:oak_stairs":1,"minecraft:blackstone":342,"minecraft:kelp_plant":2,"minecraft:soul_fire":2,"minecraft:clay":4,"minecraft:torch":17,"minecraft:blast_furnace":1,"minecraft:chest":30,"minecraft:glass":19,"minecraft:nether_quartz_ore":95,"minecraft:cobblestone":420,"minecraft:slime_block":11,"minecraft:sugar_cane":143,"minecraft:grindstone":2,"minecraft:prismarine":5,"minecraft:oak_planks":33,"minecraft:iron_door":1,"minecraft:wall_torch":4,"minecraft:warped_nylium":2,"minecraft:repeater":4,"minecraft:birch_log":14,"minecraft:wheat":7,"minecraft:stone_brick_stairs":14,"minecraft:yellow_stained_glass_pane":1,"minecraft:grass":99,"minecraft:oak_log":60,"minecraft:oak_fence_gate":4,"minecraft:dirt":1514,"minecraft:dispenser":2,"minecraft:stonecutter":1,"minecraft:ancient_debris":3,"minecraft:netherrack":2379,"minecraft:oak_leaves":4,"minecraft:deepslate":114,"minecraft:nether_gold_ore":31,"minecraft:dark_prismarine":5,"minecraft:tuff":1,"minecraft:mossy_cobblestone":1,"minecraft:deepslate_diamond_ore":20,"minecraft:shulker_box":42,"minecraft:end_stone":35,"minecraft:glow_lichen":2,"minecraft:lever":3,"minecraft:nether_bricks":7,"minecraft:spruce_fence":2,"minecraft:redstone_wire":21,"minecraft:kelp":15,"minecraft:moss_block":1,"minecraft:oak_trapdoor":3,"minecraft:furnace":2,"minecraft:carrots":1,"minecraft:andesite":547,"minecraft:gold_block":33,"minecraft:bookshelf":12,"minecraft:rail":2,"minecraft:cobblestone_slab":53,"minecraft:wet_sponge":27,"minecraft:stone":3526,"minecraft:bone_block":5,"minecraft:redstone_wall_torch":8,"minecraft:flowering_azalea":1,"minecraft:glass_pane":3,"minecraft:comparator":2,"minecraft:soul_sand":7,"minecraft:stone_brick_slab":48,"minecraft:polished_granite":84,"minecraft:crafting_table":5,"minecraft:warped_roots":1,"minecraft:sculk_sensor":1,"minecraft:lectern":6,"minecraft:tall_grass":24,"minecraft:copper_ore":56,"minecraft:deepslate_gold_ore":7,"minecraft:lapis_ore":6,"minecraft:sculk":35,"minecraft:diorite":387,"minecraft:warped_wart_block":1,"minecraft:prismarine_bricks":2,"minecraft:cobblestone_wall":1,"minecraft:redstone_torch":8,"minecraft:white_carpet":3,"minecraft:yellow_bed":6,"minecraft:coal_ore":62,"minecraft:gravel":115,"minecraft:cobweb":14,"minecraft:cracked_stone_bricks":5,"minecraft:stone_bricks":51,"minecraft:mossy_stone_bricks":8,"minecraft:gold_ore":19}},"DataVersion":3465}