{"stats":{"minecraft:killed_by":{"minecraft:endermite":1},"minecraft:mined":{"minecraft:dark_oak_planks":1,"minecraft:dragon_wall_head":1,"minecraft:white_bed":23,"minecraft:farmland":75,"minecraft:sculk_vein":8,"minecraft:obsidian":4,"minecraft:granite":729,"minecraft:grass_block":876,"minecraft:polished_diorite":39,"minecraft:composter":1,"minecraft:hopper":2,"minecraft:nether_wart":7,"minecraft:spawner":3,"minecraft:magma_block":9,"minecraft:barrel":13,"minecraft:sticky_piston":22,"minecraft:iron_ore":90,"minecraft:fire":9,"minecraft:anvil":1,"minecraft:deepslate_lapis_ore":4,"minecraft:fletching_table":1,"minecraft:enchanting_table":3,"minecraft:twisting_vines":1,"minecraft:sculk_shrieker":14,"minecraft:cave_vines":2,"minecraft:dirt_path":3,"minecraft:oak_stairs":1,"minecraft:blackstone":342,"minecraft:kelp_plant":2,"minecraft:soul_fire":2,"minecraft:clay":4,"minecraft:torch":17,"minecraft:blast_furnace":1,"minecraft:chest":30,"minecraft:glass":19,"minecraft:nether_quartz_ore":95,"minecraft:cobblestone":473,"minecraft:slime_block":11,"minecraft:oak_planks":33,"minecraft:grindstone":2,"minecraft:prismarine":5,"minecraft:sugar_cane":144,"minecraft:iron_door":1,"minecraft:wall_torch":4,"minecraft:pink_petals":8,"minecraft:warped_nylium":2,"minecraft:repeater":4,"minecraft:birch_log":14,"minecraft:wheat":7,"minecraft:tnt":2,"minecraft:stone_brick_stairs":14,"minecraft:yellow_stained_glass_pane":1,"minecraft:grass":101,"minecraft:oak_log":60,"minecraft:oak_fence_gate":4,"minecraft:dirt":1542,"minecraft:dispenser":2,"minecraft:stonecutter":1,"minecraft:netherrack":2379,"minecraft:ancient_debris":3,"minecraft:oak_leaves":4,"minecraft:deepslate":114,"minecraft:nether_gold_ore":31,"minecraft:dark_prismarine":5,"minecraft:tuff":1,"minecraft:mossy_cobblestone":1,"minecraft:deepslate_diamond_ore":20,"minecraft:end_stone":35,"minecraft:shulker_box":53,"minecraft:glow_lichen":2,"minecraft:lever":3,"minecraft:nether_bricks":7,"minecraft:spruce_fence":2,"minecraft:redstone_wire":21,"minecraft:kelp":15,"minecraft:moss_block":1,"minecraft:oak_trapdoor":3,"minecraft:furnace":2,"minecraft:carrots":1,"minecraft:andesite":553,"minecraft:gold_block":33,"minecraft:bookshelf":12,"minecraft:cobblestone_slab":53,"minecraft:rail":4,"minecraft:wet_sponge":27,"minecraft:stone":5833,"minecraft:bone_block":5,"minecraft:redstone_wall_torch":8,"minecraft:flowering_azalea":1,"minecraft:glass_pane":3,"minecraft:comparator":2,"minecraft:soul_sand":7,"minecraft:stone_brick_slab":48,"minecraft:polished_granite":84,"minecraft:crafting_table":5,"minecraft:warped_roots":1,"minecraft:sculk_sensor":1,"minecraft:lectern":6,"minecraft:tall_grass":25,"minecraft:copper_ore":60,"minecraft:deepslate_gold_ore":11,"minecraft:lapis_ore":6,"minecraft:sculk":35,"minecraft:diorite":387,"minecraft:warped_wart_block":1,"minecraft:prismarine_bricks":2,"minecraft:cobblestone_wall":1,"minecraft:redstone_torch":8,"minecraft:white_carpet":3,"minecraft:yellow_bed":6,"minecraft:coal_ore":90,"minecraft:gravel":290,"minecraft:cobweb":14,"minecraft:cracked_stone_bricks":5,"minecraft:stone_bricks":51,"minecraft:mossy_stone_bricks":8,"minecraft:gold_ore":19},"minecraft:picked_up":{"minecraft:shulker_shell":3,"minecraft:wheat":13,"minecraft:anvil":1,"minecraft:prismarine_shard":2,"minecraft:diamond_sword":1,"minecraft:oak_stairs":1,"minecraft:potion":2,"minecraft:nether_brick":199,"minecraft:stone_brick_stairs":14,"minecraft:string":76,"minecraft:raw_copper":361,"minecraft:armor_stand":1,"minecraft:sticky_piston":21,"minecraft:diamond_leggings":1,"minecraft:gold_nugget":59,"minecraft:cobbled_deepslate":161,"minecraft:comparator":2,"minecraft:bucket":3,"minecraft:eye_armor_trim_smithing_template":1,"minecraft:redstone_torch":12,"minecraft:rose_bush":6,"minecraft:cobblestone_slab":40,"minecraft:ender_eye":5,"minecraft:iron_pickaxe":1,"minecraft:furnace":2,"minecraft:stick":15,"minecraft:composter":2,"minecraft:torch":85,"minecraft:porkchop":162,"minecraft:dried_kelp":1,"minecraft:cherry_log":40,"minecraft:diorite":349,"minecraft:warped_planks":22,"minecraft:rotten_flesh":71,"minecraft:bookshelf":6,"minecraft:netherite_chestplate":1,"minecraft:blaze_rod":20,"minecraft:obsidian":4,"minecraft:iron_bars":14,"minecraft:cod":1,"minecraft:cobblestone":5607,"minecraft:sponge":13,"minecraft:birch_log":19,"minecraft:enchanting_table":3,"minecraft:pink_petals":188,"minecraft:magma_block":9,"minecraft:feather":1,"minecraft:cooked_beef":115,"minecraft:repeater":4,"minecraft:andesite":438,"minecraft:powder_snow_bucket":3,"minecraft:potato":1,"minecraft:flint":7,"minecraft:prismarine_bricks":2,"minecraft:lapis_lazuli":87,"minecraft:dirt":748,"minecraft:polished_granite":83,"minecraft:bone":43,"minecraft:stonecutter":1,"minecraft:bow":4,"minecraft:wheat_seeds":38,"minecraft:raw_gold":30,"minecraft:grindstone":1,"minecraft:diamond_helmet":3,"minecraft:fletching_table":1,"minecraft:netherite_axe":1,"minecraft:mossy_stone_bricks":8,"minecraft:moss_block":2,"minecraft:prismarine":4,"minecraft:oak_planks":50,"minecraft:ghast_tear":1,"minecraft:warped_wart_block":1,"minecraft:ink_sac":12,"minecraft:shulker_box":56,"minecraft:spectral_arrow":26,"minecraft:barrel":13,"minecraft:mossy_cobblestone":1,"minecraft:dark_prismarine":5,"minecraft:light_gray_concrete":3,"minecraft:dispenser":1,"minecraft:diamond":23,"minecraft:deepslate":5,"minecraft:netherite_helmet":1,"minecraft:slime_block":9,"minecraft:lever":3,"minecraft:granite":454,"minecraft:white_concrete":5,"minecraft:emerald":2,"minecraft:netherrack":721,"minecraft:diamond_pickaxe":2,"minecraft:charcoal":29,"minecraft:crafting_table":5,"minecraft:chicken":1,"minecraft:nether_wart":40,"minecraft:clay_ball":8,"minecraft:gold_block":33,"minecraft:dragon_head":1,"minecraft:elytra":2,"minecraft:oak_trapdoor":3,"minecraft:white_carpet":2,"minecraft:iron_shovel":1,"minecraft:blackstone":141,"minecraft:cracked_stone_bricks":21,"minecraft:netherite_sword":1,"minecraft:lectern":6,"minecraft:iron_nugget":36,"minecraft:poppy":3,"minecraft:minecart":5,"minecraft:sugar_cane":217,"minecraft:chest":31,"minecraft:birch_sapling":2,"minecraft:piston":3,"minecraft:egg":1,"minecraft:raw_iron":101,"minecraft:end_stone":70,"minecraft:stone":194,"minecraft:copper_ingot":1,"minecraft:spruce_fence":2,"minecraft:carrot":652,"minecraft:redstone":146,"minecraft:netherite_pickaxe":2,"minecraft:dark_oak_planks":1,"minecraft:tnt":2,"minecraft:arrow":36,"minecraft:diamond_chestplate":1,"minecraft:diamond_boots":1,"minecraft:gold_ingot":7,"minecraft:glow_berries":7,"minecraft:mutton":9,"minecraft:rail":5,"minecraft:white_wool":2,"minecraft:bone_block":5,"minecraft:wet_sponge":15,"minecraft:netherite_boots":1,"minecraft:glow_ink_sac":2,"minecraft:salmon":3,"minecraft:leather":6,"minecraft:birch_planks":23,"minecraft:oak_log":125,"minecraft:ancient_debris":3,"minecraft:gunpowder":77,"minecraft:yellow_bed":5,"minecraft:cobblestone_wall":2,"minecraft:cooked_mutton":17,"minecraft:apple":8,"minecraft:stone_bricks":24,"minecraft:kelp":19,"minecraft:oak_fence_gate":4,"minecraft:iron_ingot":82,"minecraft:soul_sand":2,"minecraft:flowering_azalea":7,"minecraft:sculk_catalyst":1,"minecraft:pumpkin":64,"minecraft:stone_brick_slab":30,"minecraft:quartz":104,"minecraft:cracked_nether_bricks":2,"minecraft:gravel":36,"minecraft:blast_furnace":1,"minecraft:white_bed":19,"minecraft:crying_obsidian":14,"minecraft:dragon_egg":1,"minecraft:spider_eye":4,"minecraft:firework_rocket":31,"minecraft:polished_diorite":38,"minecraft:cherry_sapling":8,"minecraft:warped_roots":49,"minecraft:warped_nylium":2,"minecraft:hopper":2,"minecraft:coal":105,"minecraft:ender_pearl":163},"minecraft:killed":{"minecraft:zombified_piglin":8,"minecraft:cave_spider":4,"minecraft:witch":4,"minecraft:spider":3,"minecraft:shulker":14,"minecraft:skeleton":23,"minecraft:chicken":1,"minecraft:piglin_brute":2,"minecraft:magma_cube":6,"minecraft:piglin":8,"minecraft:pig":77,"minecraft:elder_guardian":1,"minecraft:iron_golem":6,"minecraft:ender_dragon":1,"minecraft:creeper":11,"minecraft:sheep":2,"minecraft:zombie":35,"minecraft:ghast":3,"minecraft:blaze":21,"minecraft:endermite":2,"minecraft:phantom":5,"minecraft:drowned":1,"minecraft:warden":1,"minecraft:wither_skeleton":3,"minecraft:villager":19,"minecraft:enderman":1214},"minecraft:dropped":{"minecraft:birch_planks":23,"minecraft:porkchop":128,"minecraft:lapis_lazuli":167,"minecraft:oak_log":48,"minecraft:ender_pearl":27,"minecraft:diamond":1,"minecraft:warped_roots":25,"minecraft:leather":2,"minecraft:elytra":1,"minecraft:rail":2,"minecraft:emerald":17,"minecraft:dirt":83,"minecraft:gold_nugget":11,"minecraft:iron_pickaxe":1,"minecraft:birch_log":4,"minecraft:gold_ingot":19,"minecraft:gravel":16,"minecraft:blackstone":43,"minecraft:nether_brick":4,"minecraft:rotten_flesh":4,"minecraft:oak_planks":56,"minecraft:end_stone":1,"minecraft:glowstone_dust":15,"minecraft:warped_planks":11,"minecraft:carrot":1474,"minecraft:gunpowder":64,"minecraft:hopper":2,"minecraft:crying_obsidian":7,"minecraft:quartz":28,"minecraft:netherrack":70,"minecraft:firework_rocket":97,"minecraft:iron_ingot":58,"minecraft:water_bucket":1,"minecraft:netherite_pickaxe":1,"minecraft:wheat_seeds":28,"minecraft:diamond_leggings":1,"minecraft:cobblestone":87,"minecraft:stick":104,"minecraft:diamond_helmet":4,"minecraft:flowering_azalea":3,"minecraft:pumpkin":32,"minecraft:string":28,"minecraft:bucket":3,"minecraft:redstone":55,"minecraft:kelp":2,"minecraft:warped_nylium":1,"minecraft:nether_wart":34,"minecraft:blaze_rod":8,"minecraft:raw_copper":59,"minecraft:composter":1,"minecraft:suspicious_stew":1,"minecraft:diamond_sword":1,"minecraft:powder_snow_bucket":5,"minecraft:diamond_chestplate":1,"minecraft:diamond_pickaxe":2,"minecraft:dragon_egg":1,"minecraft:andesite":193,"minecraft:redstone_torch":1,"minecraft:spider_eye":65,"minecraft:diamond_boots":1},"minecraft:used":{"minecraft:moss_block":1,"minecraft:iron_shovel":190,"minecraft:poppy":1,"minecraft:dispenser":15,"minecraft:spruce_slab":11,"minecraft:ladder":71,"minecraft:diamond_hoe":42,"minecraft:elytra":35,"minecraft:oak_sign":15,"minecraft:chest":208,"minecraft:shield":59,"minecraft:stone":143,"minecraft:nether_wart":3,"minecraft:rotten_flesh":3,"minecraft:iron_chestplate":2,"minecraft:soul_sand":4,"minecraft:mutton":2,"minecraft:carrot":172,"minecraft:obsidian":74,"minecraft:glass":148,"minecraft:lava_bucket":2,"minecraft:grass_block":44,"minecraft:birch_sapling":2,"minecraft:netherite_hoe":183,"minecraft:iron_helmet":1,"minecraft:hopper_minecart":4,"minecraft:stone_brick_stairs":110,"minecraft:stone_bricks":1989,"minecraft:item_frame":37,"minecraft:netherite_boots":1,"minecraft:repeater":40,"minecraft:red_carpet":53,"minecraft:bow":256,"minecraft:furnace":2,"minecraft:cooked_cod":1,"minecraft:mossy_stone_bricks":49,"minecraft:diorite":7,"minecraft:diamond_boots":6,"minecraft:stone_pickaxe":54,"minecraft:oak_planks":115,"minecraft:ender_pearl":26,"minecraft:wooden_pickaxe":13,"minecraft:composter":2,"minecraft:diamond_axe":79,"minecraft:sugar_cane":15,"minecraft:oak_leaves":131,"minecraft:glow_berries":7,"minecraft:netherite_leggings":2,"minecraft:blast_furnace":1,"minecraft:blue_ice":4,"minecraft:gray_concrete":243,"minecraft:end_stone":11,"minecraft:redstone_torch":34,"minecraft:sticky_piston":31,"minecraft:lever":11,"minecraft:firework_rocket":142,"minecraft:light_gray_concrete":77,"minecraft:bread":4,"minecraft:lectern":7,"minecraft:polished_granite":512,"minecraft:gravel":1,"minecraft:iron_door":8,"minecraft:diamond_sword":238,"minecraft:grindstone":3,"minecraft:smithing_table":1,"minecraft:andesite":12,"minecraft:air":2,"minecraft:white_concrete":10,"minecraft:oak_trapdoor":80,"minecraft:iron_bars":1,"minecraft:netherite_sword":576,"minecraft:enchanting_table":4,"minecraft:flint_and_steel":20,"minecraft:armor_stand":2,"minecraft:dried_kelp":1,"minecraft:redstone":97,"minecraft:netherrack":56,"minecraft:torch":1100,"minecraft:dirt":471,"minecraft:anvil":3,"minecraft:white_carpet":125,"minecraft:hopper":136,"minecraft:spruce_stairs":23,"minecraft:cobblestone_wall":101,"minecraft:diamond_helmet":1,"minecraft:shulker_box":60,"minecraft:granite":25,"minecraft:oak_fence_gate":52,"minecraft:polished_diorite":579,"minecraft:wooden_axe":35,"minecraft:stone_brick_slab":89,"minecraft:dark_oak_planks":510,"minecraft:flowering_azalea":1,"minecraft:sea_lantern":51,"minecraft:bookshelf":39,"minecraft:light_weighted_pressure_plate":8,"minecraft:slime_block":65,"minecraft:iron_boots":1,"minecraft:barrel":13,"minecraft:glowstone":2,"minecraft:golden_carrot":31,"minecraft:minecart":7,"minecraft:netherite_pickaxe":3683,"minecraft:cooked_beef":64,"minecraft:observer":18,"minecraft:cobbled_deepslate":2,"minecraft:powder_snow_bucket":17,"minecraft:enchanted_golden_apple":2,"minecraft:wheat_seeds":1,"minecraft:cooked_mutton":2,"minecraft:water_bucket":301,"minecraft:birch_planks":30,"minecraft:glass_bottle":3,"minecraft:polished_andesite":13,"minecraft:netherite_chestplate":35,"minecraft:cauldron":5,"minecraft:stonecutter":2,"minecraft:fletching_table":2,"minecraft:cobblestone_slab":1487,"minecraft:salmon":3,"minecraft:rail":9,"minecraft:comparator":14,"minecraft:crafting_table":7,"minecraft:tnt":58,"minecraft:oak_slab":10,"minecraft:white_bed":22,"minecraft:piston":4,"minecraft:ender_eye":11,"minecraft:diamond_pickaxe":8094,"minecraft:diamond_shovel":2560,"minecraft:iron_pickaxe":84,"minecraft:netherite_axe":81,"minecraft:spruce_trapdoor":2,"minecraft:stone_axe":36,"minecraft:pink_petals":8,"minecraft:cobblestone":4565,"minecraft:potion":1,"minecraft:cooked_porkchop":18,"minecraft:bucket":68,"minecraft:glass_pane":13,"minecraft:yellow_bed":3,"minecraft:kelp":5,"minecraft:splash_potion":3,"minecraft:diamond_leggings":7,"minecraft:smooth_stone":137},"minecraft:custom":{"minecraft:interact_with_crafting_table":88,"minecraft:open_barrel":5,"minecraft:open_shulker_box":230,"minecraft:leave_game":13,"minecraft:time_since_death":357426,"minecraft:damage_resisted":304,"minecraft:sprint_one_cm":3003930,"minecraft:damage_blocked_by_shield":2020,"minecraft:drop":136,"minecraft:talked_to_villager":48,"minecraft:play_time":1105881,"minecraft:deaths":6,"minecraft:jump":6887,"minecraft:interact_with_brewingstand":18,"minecraft:walk_on_water_one_cm":164836,"minecraft:enchant_item":82,"minecraft:interact_with_furnace":82,"minecraft:traded_with_villager":18,"minecraft:sleep_in_bed":2,"minecraft:open_enderchest":4,"minecraft:damage_dealt":47599,"minecraft:player_kills":4,"minecraft:crouch_one_cm":219645,"minecraft:use_cauldron":5,"minecraft:inspect_dispenser":14,"minecraft:interact_with_smithing_table":9,"minecraft:mob_kills":1485,"minecraft:interact_with_anvil":45,"minecraft:inspect_hopper":76,"minecraft:fill_cauldron":17,"minecraft:climb_one_cm":22554,"minecraft:walk_one_cm":2023017,"minecraft:sneak_time":48764,"minecraft:walk_under_water_one_cm":112348,"minecraft:interact_with_blast_furnace":22,"minecraft:total_world_time":1105881,"minecraft:interact_with_grindstone":24,"minecraft:interact_with_stonecutter":7,"minecraft:time_since_rest":311555,"minecraft:damage_taken":10911,"minecraft:damage_absorbed":322,"minecraft:minecart_one_cm":7,"minecraft:swim_one_cm":126696,"minecraft:fly_one_cm":5049662,"minecraft:open_chest":750,"minecraft:aviate_one_cm":3270272,"minecraft:fall_one_cm":604137},"minecraft:crafted":{"minecraft:oak_planks":516,"minecraft:blaze_powder":14,"minecraft:stone":19,"minecraft:diamond_shovel":1,"minecraft:bookshelf":7,"minecraft:shulker_box":1,"minecraft:cooked_mutton":7,"minecraft:hopper":3,"minecraft:diamond_helmet":11,"minecraft:diamond_leggings":5,"minecraft:bow":1,"minecraft:iron_boots":1,"minecraft:chest":52,"minecraft:netherite_upgrade_smithing_template":28,"minecraft:ender_eye":14,"minecraft:oak_slab":18,"minecraft:emerald":18,"minecraft:cooked_porkchop":52,"minecraft:diamond_axe":2,"minecraft:crafting_table":2,"minecraft:wooden_pickaxe":1,"minecraft:iron_helmet":1,"minecraft:snout_armor_trim_smithing_template":54,"minecraft:smithing_table":1,"minecraft:copper_ingot":179,"minecraft:gold_block":9,"minecraft:birch_planks":56,"minecraft:iron_chestplate":1,"minecraft:book":83,"minecraft:paper":330,"minecraft:diamond_pickaxe":7,"minecraft:shield":1,"minecraft:stick":228,"minecraft:iron_ingot":78,"minecraft:iron_pickaxe":1,"minecraft:iron_block":6,"minecraft:gold_ingot":263,"minecraft:netherite_ingot":23,"minecraft:composter":1,"minecraft:sponge":15,"minecraft:golden_carrot":61,"minecraft:stone_pickaxe":1,"minecraft:diamond_boots":9,"minecraft:netherite_scrap":96,"minecraft:dark_oak_planks":256,"minecraft:cooked_beef":9,"minecraft:cooked_cod":1,"minecraft:diamond_sword":6,"minecraft:enchanting_table":1,"minecraft:bucket":1,"minecraft:stone_axe":1,"minecraft:air":0,"minecraft:gold_nugget":576,"minecraft:wooden_axe":1,"minecraft:iron_shovel":1,"minecraft:anvil":2,"minecraft:torch":12,"minecraft:diamond_chestplate":3,"minecraft:firework_rocket":243}},"DataVersion":3465}