{"stats":{"minecraft:crafted":{"minecraft:grindstone":1,"minecraft:oak_door":3,"minecraft:oak_planks":172,"minecraft:iron_nugget":1,"minecraft:furnace":4,"minecraft:stone":3,"minecraft:cooked_mutton":9,"minecraft:flint_and_steel":1,"minecraft:diamond_helmet":1,"minecraft:diamond_leggings":1,"minecraft:iron_boots":1,"minecraft:stone_pickaxe":1,"minecraft:chest":1,"minecraft:diamond_boots":1,"minecraft:cooked_beef":11,"minecraft:cooked_porkchop":5,"minecraft:crafting_table":3,"minecraft:enchanting_table":1,"minecraft:wooden_pickaxe":1,"minecraft:iron_helmet":1,"minecraft:iron_sword":1,"minecraft:bucket":1,"minecraft:stone_axe":1,"minecraft:air":0,"minecraft:oak_boat":1,"minecraft:oak_chest_boat":1,"minecraft:iron_chestplate":1,"minecraft:book":1,"minecraft:paper":3,"minecraft:diamond_pickaxe":1,"minecraft:shield":2,"minecraft:stick":24,"minecraft:stone_slab":6,"minecraft:iron_ingot":36,"minecraft:iron_pickaxe":1,"minecraft:iron_leggings":1,"minecraft:white_bed":1,"minecraft:diamond_chestplate":1},"minecraft:custom":{"minecraft:mob_kills":44,"minecraft:interact_with_crafting_table":41,"minecraft:leave_game":1,"minecraft:time_since_death":61518,"minecraft:sprint_one_cm":205862,"minecraft:walk_one_cm":86184,"minecraft:damage_blocked_by_shield":1780,"minecraft:drop":24,"minecraft:play_time":89492,"minecraft:deaths":2,"minecraft:sneak_time":8591,"minecraft:walk_under_water_one_cm":17761,"minecraft:boat_one_cm":2112,"minecraft:jump":1460,"minecraft:walk_on_water_one_cm":15305,"minecraft:enchant_item":8,"minecraft:total_world_time":89492,"minecraft:interact_with_furnace":88,"minecraft:interact_with_grindstone":2,"minecraft:sleep_in_bed":1,"minecraft:time_since_rest":61547,"minecraft:damage_taken":1691,"minecraft:damage_dealt":6040,"minecraft:fly_one_cm":277242,"minecraft:swim_one_cm":34619,"minecraft:open_chest":3,"minecraft:crouch_one_cm":22472,"minecraft:fall_one_cm":39139},"minecraft:killed":{"minecraft:armadillo":2,"minecraft:spider":1,"minecraft:skeleton":6,"minecraft:chicken":1,"minecraft:pig":7,"minecraft:sheep":6,"minecraft:zombie":7,"minecraft:ghast":2,"minecraft:cow":11,"minecraft:enderman":1},"minecraft:dropped":{"minecraft:wheat_seeds":3,"minecraft:lapis_lazuli":98,"minecraft:cooked_beef":4,"minecraft:cooked_porkchop":3,"minecraft:iron_helmet":1,"minecraft:cobblestone":1,"minecraft:diamond_helmet":1,"minecraft:iron_pickaxe":1,"minecraft:iron_nugget":1,"minecraft:rotten_flesh":2,"minecraft:oak_planks":39,"minecraft:iron_boots":1,"minecraft:stone_slab":5,"minecraft:filled_map":1,"minecraft:shield":1,"minecraft:iron_chestplate":1,"minecraft:warped_wart_block":1},"minecraft:broken":{"minecraft:golden_helmet":1,"minecraft:stone_axe":1},"minecraft:mined":{"minecraft:white_bed":1,"minecraft:deepslate_diamond_ore":29,"minecraft:oak_door":2,"minecraft:obsidian":4,"minecraft:furnace":8,"minecraft:iron_ore":27,"minecraft:fire":8,"minecraft:pumpkin":1,"minecraft:deepslate_lapis_ore":3,"minecraft:enchanting_table":1,"minecraft:deepslate_iron_ore":20,"minecraft:stone":37,"minecraft:crafting_table":5,"minecraft:short_grass":20,"minecraft:copper_ore":1,"minecraft:nether_quartz_ore":16,"minecraft:tall_grass":4,"minecraft:lapis_ore":8,"minecraft:grindstone":1,"minecraft:oak_planks":11,"minecraft:warped_wart_block":11,"minecraft:warped_nylium":21,"minecraft:birch_leaves":1,"minecraft:oak_log":43,"minecraft:coal_ore":9,"minecraft:gravel":8,"minecraft:netherrack":377,"minecraft:oak_leaves":7,"minecraft:deepslate":18},"minecraft:used":{"minecraft:enchanting_table":2,"minecraft:flint_and_steel":7,"minecraft:shield":19,"minecraft:iron_sword":71,"minecraft:netherrack":203,"minecraft:iron_chestplate":1,"minecraft:oak_door":2,"minecraft:dirt":1,"minecraft:warped_wart_block":2,"minecraft:obsidian":20,"minecraft:iron_helmet":1,"minecraft:iron_boots":1,"minecraft:furnace":11,"minecraft:cooked_beef":6,"minecraft:cobbled_deepslate":3,"minecraft:oak_chest_boat":1,"minecraft:iron_leggings":1,"minecraft:cooked_mutton":9,"minecraft:water_bucket":86,"minecraft:stone_pickaxe":70,"minecraft:oak_planks":36,"minecraft:wooden_pickaxe":12,"minecraft:warped_roots":1,"minecraft:crafting_table":9,"minecraft:white_bed":2,"minecraft:diamond_pickaxe":491,"minecraft:iron_pickaxe":30,"minecraft:gravel":8,"minecraft:stone_axe":102,"minecraft:cooked_porkchop":2,"minecraft:grindstone":2,"minecraft:bucket":87},"minecraft:killed_by":{"minecraft:skeleton":1,"minecraft:zombie":1},"minecraft:picked_up":{"minecraft:crafting_table":6,"minecraft:stone_slab":5,"minecraft:wooden_pickaxe":1,"minecraft:nether_brick":4,"minecraft:shield":2,"minecraft:raw_copper":9,"minecraft:cobbled_deepslate":25,"minecraft:beef":41,"minecraft:furnace":8,"minecraft:golden_helmet":1,"minecraft:raw_iron":77,"minecraft:stick":10,"minecraft:oak_door":5,"minecraft:porkchop":9,"minecraft:arrow":3,"minecraft:rotten_flesh":11,"minecraft:mutton":20,"minecraft:obsidian":4,"minecraft:white_wool":12,"minecraft:cobblestone":53,"minecraft:enchanting_table":1,"minecraft:cooked_beef":2,"minecraft:leather":29,"minecraft:flint":1,"minecraft:oak_log":109,"minecraft:gunpowder":1,"minecraft:lapis_lazuli":113,"minecraft:dirt":2,"minecraft:bone":10,"minecraft:wheat_seeds":5,"minecraft:iron_ingot":20,"minecraft:grindstone":1,"minecraft:stone_pickaxe":2,"minecraft:diamond_helmet":1,"minecraft:iron_sword":1,"minecraft:oak_planks":25,"minecraft:cooked_porkchop":6,"minecraft:pumpkin":3,"minecraft:warped_wart_block":3,"minecraft:quartz":16,"minecraft:gravel":8,"minecraft:white_bed":2,"minecraft:diamond":29,"minecraft:stone_axe":3,"minecraft:warped_roots":1,"minecraft:oak_sapling":15,"minecraft:coal":185,"minecraft:netherrack":390,"minecraft:ender_pearl":1}},"DataVersion":3953}