{"stats":{"minecraft:killed":{"minecraft:cave_spider":4,"minecraft:witch":1,"minecraft:spider":1,"minecraft:skeleton":8,"minecraft:piglin_brute":2,"minecraft:magma_cube":6,"minecraft:piglin":8,"minecraft:iron_golem":2,"minecraft:creeper":1,"minecraft:sheep":2,"minecraft:zombie":11,"minecraft:ghast":2,"minecraft:villager":2,"minecraft:blaze":13,"minecraft:enderman":1},"minecraft:custom":{"minecraft:mob_kills":72,"minecraft:interact_with_anvil":31,"minecraft:interact_with_crafting_table":66,"minecraft:open_barrel":1,"minecraft:fill_cauldron":16,"minecraft:leave_game":3,"minecraft:time_since_death":341001,"minecraft:climb_one_cm":492,"minecraft:sprint_one_cm":744781,"minecraft:walk_one_cm":583048,"minecraft:damage_blocked_by_shield":1710,"minecraft:drop":53,"minecraft:talked_to_villager":24,"minecraft:play_time":341001,"minecraft:sneak_time":8415,"minecraft:walk_under_water_one_cm":18257,"minecraft:jump":2707,"minecraft:interact_with_brewingstand":1,"minecraft:interact_with_blast_furnace":3,"minecraft:walk_on_water_one_cm":36921,"minecraft:enchant_item":81,"minecraft:total_world_time":341001,"minecraft:interact_with_furnace":38,"minecraft:traded_with_villager":2,"minecraft:interact_with_grindstone":24,"minecraft:interact_with_stonecutter":4,"minecraft:time_since_rest":341001,"minecraft:damage_taken":2544,"minecraft:damage_dealt":12626,"minecraft:swim_one_cm":13948,"minecraft:fly_one_cm":1024353,"minecraft:open_chest":161,"minecraft:crouch_one_cm":19551,"minecraft:fall_one_cm":140918},"minecraft:used":{"minecraft:moss_block":1,"minecraft:oak_trapdoor":1,"minecraft:enchanting_table":4,"minecraft:iron_shovel":160,"minecraft:flint_and_steel":7,"minecraft:armor_stand":2,"minecraft:redstone":44,"minecraft:poppy":1,"minecraft:chest":46,"minecraft:shield":53,"minecraft:stone":12,"minecraft:rotten_flesh":3,"minecraft:netherrack":36,"minecraft:iron_chestplate":2,"minecraft:torch":17,"minecraft:dirt":28,"minecraft:anvil":3,"minecraft:mutton":2,"minecraft:diamond_helmet":1,"minecraft:granite":22,"minecraft:obsidian":46,"minecraft:polished_diorite":525,"minecraft:glass":6,"minecraft:wooden_axe":11,"minecraft:flowering_azalea":1,"minecraft:bookshelf":39,"minecraft:light_weighted_pressure_plate":8,"minecraft:birch_sapling":2,"minecraft:slime_block":13,"minecraft:iron_helmet":1,"minecraft:iron_boots":1,"minecraft:item_frame":16,"minecraft:repeater":4,"minecraft:golden_carrot":8,"minecraft:bow":31,"minecraft:furnace":2,"minecraft:cooked_beef":27,"minecraft:powder_snow_bucket":17,"minecraft:cobbled_deepslate":2,"minecraft:diamond_boots":6,"minecraft:birch_planks":30,"minecraft:polished_andesite":13,"minecraft:stone_pickaxe":54,"minecraft:oak_planks":107,"minecraft:ender_pearl":1,"minecraft:wooden_pickaxe":13,"minecraft:stonecutter":1,"minecraft:sugar_cane":14,"minecraft:diamond_axe":68,"minecraft:cauldron":5,"minecraft:fletching_table":2,"minecraft:glow_berries":7,"minecraft:rail":1,"minecraft:comparator":1,"minecraft:oak_slab":10,"minecraft:crafting_table":7,"minecraft:tnt":4,"minecraft:redstone_torch":10,"minecraft:sticky_piston":20,"minecraft:lever":6,"minecraft:piston":4,"minecraft:diamond_pickaxe":5159,"minecraft:diamond_shovel":78,"minecraft:light_gray_concrete":77,"minecraft:iron_pickaxe":84,"minecraft:lectern":2,"minecraft:polished_granite":481,"minecraft:iron_door":8,"minecraft:stone_axe":36,"minecraft:diamond_sword":173,"minecraft:cobblestone":979,"minecraft:grindstone":3,"minecraft:andesite":11,"minecraft:glass_pane":13,"minecraft:white_concrete":10,"minecraft:diamond_leggings":7},"minecraft:picked_up":{"minecraft:charcoal":24,"minecraft:crafting_table":5,"minecraft:clay_ball":4,"minecraft:nether_wart":17,"minecraft:anvil":1,"minecraft:diamond_sword":1,"minecraft:oak_stairs":1,"minecraft:gold_block":29,"minecraft:nether_brick":69,"minecraft:string":73,"minecraft:raw_copper":195,"minecraft:armor_stand":1,"minecraft:sticky_piston":13,"minecraft:blackstone":86,"minecraft:gold_nugget":58,"minecraft:cobbled_deepslate":9,"minecraft:comparator":1,"minecraft:redstone_torch":7,"minecraft:rose_bush":6,"minecraft:iron_nugget":36,"minecraft:poppy":1,"minecraft:iron_pickaxe":1,"minecraft:lectern":1,"minecraft:sugar_cane":70,"minecraft:chest":13,"minecraft:birch_sapling":2,"minecraft:piston":3,"minecraft:furnace":2,"minecraft:stick":9,"minecraft:raw_iron":41,"minecraft:stone":34,"minecraft:torch":6,"minecraft:diorite":307,"minecraft:warped_planks":22,"minecraft:redstone":137,"minecraft:arrow":13,"minecraft:rotten_flesh":21,"minecraft:bookshelf":6,"minecraft:gold_ingot":4,"minecraft:blaze_rod":3,"minecraft:glow_berries":7,"minecraft:mutton":9,"minecraft:obsidian":3,"minecraft:rail":3,"minecraft:white_wool":2,"minecraft:cobblestone":2249,"minecraft:birch_log":19,"minecraft:enchanting_table":3,"minecraft:repeater":3,"minecraft:andesite":392,"minecraft:leather":4,"minecraft:powder_snow_bucket":3,"minecraft:birch_planks":23,"minecraft:oak_log":76,"minecraft:gunpowder":3,"minecraft:lapis_lazuli":87,"minecraft:dirt":222,"minecraft:polished_granite":83,"minecraft:bone":13,"minecraft:apple":8,"minecraft:bow":3,"minecraft:wheat_seeds":1,"minecraft:raw_gold":26,"minecraft:iron_ingot":11,"minecraft:grindstone":1,"minecraft:fletching_table":1,"minecraft:diamond_helmet":1,"minecraft:moss_block":2,"minecraft:oak_planks":39,"minecraft:flowering_azalea":7,"minecraft:pumpkin":64,"minecraft:quartz":56,"minecraft:warped_wart_block":1,"minecraft:gravel":4,"minecraft:crying_obsidian":14,"minecraft:spectral_arrow":3,"minecraft:spider_eye":4,"minecraft:mossy_cobblestone":1,"minecraft:light_gray_concrete":3,"minecraft:diamond":11,"minecraft:polished_diorite":9,"minecraft:slime_block":9,"minecraft:lever":1,"minecraft:granite":449,"minecraft:white_concrete":5,"minecraft:warped_roots":49,"minecraft:emerald":2,"minecraft:warped_nylium":2,"minecraft:netherrack":262,"minecraft:coal":34,"minecraft:hopper":1,"minecraft:ender_pearl":22},"minecraft:mined":{"minecraft:nether_gold_ore":9,"minecraft:mossy_cobblestone":1,"minecraft:deepslate_diamond_ore":11,"minecraft:obsidian":3,"minecraft:granite":725,"minecraft:glow_lichen":1,"minecraft:lever":1,"minecraft:grass_block":2,"minecraft:redstone_wire":12,"minecraft:polished_diorite":10,"minecraft:moss_block":1,"minecraft:nether_wart":5,"minecraft:spawner":2,"minecraft:furnace":2,"minecraft:iron_ore":42,"minecraft:sticky_piston":14,"minecraft:fire":4,"minecraft:andesite":515,"minecraft:anvil":1,"minecraft:deepslate_lapis_ore":4,"minecraft:fletching_table":1,"minecraft:gold_block":29,"minecraft:enchanting_table":3,"minecraft:twisting_vines":1,"minecraft:bookshelf":12,"minecraft:cave_vines":2,"minecraft:oak_stairs":1,"minecraft:stone":2979,"minecraft:redstone_wall_torch":1,"minecraft:flowering_azalea":1,"minecraft:glass_pane":3,"minecraft:comparator":1,"minecraft:polished_granite":84,"minecraft:clay":3,"minecraft:crafting_table":5,"minecraft:torch":2,"minecraft:warped_roots":1,"minecraft:chest":12,"minecraft:lectern":1,"minecraft:cobblestone":98,"minecraft:copper_ore":42,"minecraft:slime_block":11,"minecraft:oak_planks":30,"minecraft:deepslate_gold_ore":7,"minecraft:lapis_ore":3,"minecraft:grindstone":2,"minecraft:sugar_cane":46,"minecraft:diorite":344,"minecraft:wall_torch":4,"minecraft:warped_wart_block":1,"minecraft:warped_nylium":2,"minecraft:repeater":3,"minecraft:birch_log":14,"minecraft:redstone_torch":4,"minecraft:yellow_stained_glass_pane":1,"minecraft:grass":1,"minecraft:oak_log":52,"minecraft:coal_ore":45,"minecraft:gravel":6,"minecraft:dirt":266,"minecraft:cobweb":13,"minecraft:netherrack":243,"minecraft:gold_ore":19,"minecraft:oak_leaves":4,"minecraft:deepslate":7},"minecraft:crafted":{"minecraft:oak_planks":320,"minecraft:diamond_shovel":1,"minecraft:bookshelf":7,"minecraft:cooked_mutton":7,"minecraft:hopper":1,"minecraft:diamond_helmet":11,"minecraft:bow":1,"minecraft:diamond_leggings":5,"minecraft:iron_boots":1,"minecraft:stone_pickaxe":1,"minecraft:chest":44,"minecraft:diamond_boots":9,"minecraft:oak_slab":6,"minecraft:diamond_sword":6,"minecraft:emerald":2,"minecraft:diamond_axe":2,"minecraft:crafting_table":2,"minecraft:enchanting_table":1,"minecraft:wooden_pickaxe":1,"minecraft:iron_helmet":1,"minecraft:copper_ingot":85,"minecraft:birch_planks":56,"minecraft:stone_axe":1,"minecraft:air":0,"minecraft:paper":255,"minecraft:book":83,"minecraft:iron_chestplate":1,"minecraft:diamond_pickaxe":7,"minecraft:shield":1,"minecraft:stick":124,"minecraft:iron_ingot":41,"minecraft:iron_pickaxe":1,"minecraft:wooden_axe":1,"minecraft:iron_block":6,"minecraft:iron_shovel":1,"minecraft:gold_ingot":40,"minecraft:anvil":2,"minecraft:torch":12,"minecraft:diamond_chestplate":3},"minecraft:dropped":{"minecraft:birch_planks":23,"minecraft:lapis_lazuli":167,"minecraft:oak_log":48,"minecraft:ender_pearl":11,"minecraft:cobblestone":87,"minecraft:warped_roots":25,"minecraft:rail":2,"minecraft:emerald":1,"minecraft:diamond_helmet":2,"minecraft:gold_nugget":10,"minecraft:pumpkin":32,"minecraft:flowering_azalea":3,"minecraft:iron_pickaxe":1,"minecraft:string":28,"minecraft:birch_log":4,"minecraft:gold_ingot":19,"minecraft:redstone":55,"minecraft:blackstone":43,"minecraft:warped_nylium":1,"minecraft:raw_copper":59,"minecraft:rotten_flesh":4,"minecraft:oak_planks":56,"minecraft:warped_planks":11,"minecraft:diamond_sword":1,"minecraft:powder_snow_bucket":5,"minecraft:diamond_pickaxe":1,"minecraft:andesite":193,"minecraft:hopper":2,"minecraft:spider_eye":1,"minecraft:redstone_torch":1,"minecraft:crying_obsidian":7,"minecraft:quartz":28,"minecraft:netherrack":64}},"DataVersion":3465}