{"stats":{"minecraft:used":{"minecraft:rose_bush":5,"minecraft:wooden_pickaxe":5,"minecraft:dirt":20},"minecraft:crafted":{"minecraft:wooden_sword":1,"minecraft:wooden_shovel":1,"minecraft:crafting_table":2,"minecraft:stick":16,"minecraft:wooden_pickaxe":1,"minecraft:birch_planks":48},"minecraft:custom":{"minecraft:time_since_rest":3358,"minecraft:sprint_one_cm":39758,"minecraft:damage_taken":755,"minecraft:walk_one_cm":50480,"minecraft:mob_kills":2,"minecraft:drop":26,"minecraft:damage_dealt":399,"minecraft:interact_with_crafting_table":1,"minecraft:fly_one_cm":85156,"minecraft:play_time":17422,"minecraft:deaths":3,"minecraft:jump":627,"minecraft:leave_game":1,"minecraft:time_since_death":3334,"minecraft:total_world_time":17422,"minecraft:fall_one_cm":17190},"minecraft:killed_by":{"minecraft:zombie":1},"minecraft:picked_up":{"minecraft:wooden_axe":1,"minecraft:birch_log":17,"minecraft:dark_oak_sapling":1,"minecraft:stick":2,"minecraft:chicken":1,"minecraft:birch_planks":22,"minecraft:dirt":48,"minecraft:string":2,"minecraft:wheat_seeds":2,"minecraft:rose_bush":6,"minecraft:cobblestone":5},"minecraft:killed":{"minecraft:chicken":1,"minecraft:spider":1},"minecraft:mined":{"minecraft:dark_oak_leaves":6,"minecraft:birch_log":17,"minecraft:birch_leaves":9,"minecraft:grass":9,"minecraft:grass_block":14,"minecraft:rose_bush":8,"minecraft:dirt":34,"minecraft:mushroom_stem":3,"minecraft:stone":5},"minecraft:dropped":{"minecraft:birch_planks":22,"minecraft:wheat_seeds":1,"minecraft:wooden_axe":1,"minecraft:stick":2}},"DataVersion":3465}