{"stats":{"minecraft:killed":{"minecraft:pig":1,"minecraft:witch":21,"alexsmobs:raccoon":1,"minecraft:spider":3,"minecraft:sheep":1,"minecraft:zombie":1,"iceandfire:ghost":2,"minecraft:cow":2},"minecraft:dropped":{"minecraft:cooked_beef":3},"minecraft:picked_up":{"minecraft:crafting_table":2,"minecraft:cooked_beef":1,"minecraft:chainmail_boots":1,"minecraft:leather":3,"minecraft:copper_block":4,"minecraft:lead":1,"minecraft:oak_stairs":2,"minecraft:potion":2,"paraglider:spirit_orb":4,"minecraft:oak_log":10,"minecraft:chainmail_chestplate":1,"minecraft:brewing_stand":1,"minecraft:cobbled_deepslate_stairs":2,"minecraft:gunpowder":4,"minecraft:string":23,"minecraft:dirt":2,"minecraft:lantern":1,"minecraft:raw_copper":17,"tacz:ammo":120,"minecraft:armor_stand":2,"minecraft:iron_shovel":1,"minecraft:experience_bottle":2,"minecraft:stone_bricks":2,"minecraft:wheat_seeds":1,"minecraft:waxed_weathered_copper":2,"minecraft:iron_ingot":1,"minecraft:beef":3,"minecraft:oak_boat":1,"minecraft:iron_pickaxe":1,"minecraft:glass_bottle":6,"minecraft:glowstone_dust":5,"minecraft:coal_block":8,"minecraft:sugar_cane":2,"minecraft:iron_sword":1,"minecraft:oak_planks":10,"minecraft:waxed_exposed_copper":3,"minecraft:stick":21,"minecraft:raw_iron":12,"sophisticatedbackpacks:backpack":1,"minecraft:porkchop":1,"minecraft:white_bed":2,"minecraft:redstone":8,"minecraft:spider_eye":6,"alexsmobs:animal_dictionary":1,"minecraft:rotten_flesh":2,"minecraft:sugar":3,"minecraft:diamond":2,"tacz:modern_kinetic_gun":1,"minecraft:chainmail_leggings":1,"minecraft:iron_block":2,"minecraft:golden_apple":1,"minecraft:emerald":2,"minecraft:chainmail_helmet":1,"minecraft:deepslate_brick_stairs":1,"minecraft:mutton":2,"minecraft:iron_bars":1,"minecraft:white_wool":1,"minecraft:cobblestone":12},"minecraft:mined":{"minecraft:white_bed":2,"minecraft:cobbled_deepslate_stairs":2,"minecraft:brewing_stand":1,"minecraft:crafting_table":2,"minecraft:grass_block":1,"minecraft:coal_block":8,"minecraft:copper_ore":5,"minecraft:sugar_cane":1,"minecraft:waxed_weathered_copper":2,"minecraft:spawner":2,"minecraft:iron_ore":12,"minecraft:copper_block":4,"minecraft:grass":3,"minecraft:oak_log":10,"minecraft:vine":1,"minecraft:oak_stairs":2,"minecraft:iron_bars":1,"minecraft:deepslate_brick_stairs":1,"minecraft:dirt":1,"minecraft:cobweb":20,"minecraft:stone":12,"minecraft:waxed_exposed_copper":3,"minecraft:stone_bricks":2,"minecraft:iron_block":2,"minecraft:fern":1},"minecraft:custom":{"minecraft:interact_with_furnace":7,"minecraft:mob_kills":32,"minecraft:interact_with_crafting_table":15,"minecraft:open_barrel":31,"minecraft:interact_with_loom":1,"minecraft:leave_game":1,"minecraft:time_since_death":60915,"minecraft:climb_one_cm":5715,"minecraft:sleep_in_bed":11,"minecraft:time_since_rest":11927,"minecraft:waystone_activated":1,"minecraft:sprint_one_cm":138788,"minecraft:damage_taken":2169,"minecraft:walk_one_cm":154990,"minecraft:damage_blocked_by_shield":20,"minecraft:trigger_trapped_chest":1,"minecraft:drop":3,"minecraft:damage_dealt":7056,"minecraft:swim_one_cm":7711,"minecraft:fly_one_cm":84960,"minecraft:open_chest":23,"minecraft:crouch_one_cm":786,"minecraft:play_time":63514,"minecraft:deaths":1,"minecraft:sneak_time":812,"minecraft:walk_under_water_one_cm":903,"minecraft:interact_with_brewingstand":1,"minecraft:jump":516,"minecraft:walk_on_water_one_cm":1373,"minecraft:total_world_time":63514,"minecraft:interact_with_smoker":1,"minecraft:fall_one_cm":16627},"minecraft:used":{"minecraft:waxed_weathered_copper":2,"minecraft:armor_stand":2,"minecraft:oak_planks":22,"tacz:gun_smith_table":1,"minecraft:wooden_pickaxe":16,"minecraft:shield":1,"minecraft:chainmail_helmet":1,"minecraft:iron_sword":126,"minecraft:waxed_exposed_copper":2,"minecraft:crafting_table":3,"minecraft:chainmail_chestplate":1,"minecraft:white_bed":3,"minecraft:wooden_axe":44,"minecraft:iron_axe":10,"minecraft:bread":2,"minecraft:iron_pickaxe":46,"minecraft:beef":2,"minecraft:chainmail_boots":1,"minecraft:porkchop":1,"alexsmobs:animal_dictionary":1,"minecraft:oak_boat":1,"minecraft:cooked_beef":18,"minecraft:chainmail_leggings":1,"minecraft:experience_bottle":2},"minecraft:broken":{"minecraft:wooden_axe":1},"minecraft:crafted":{"minecraft:oak_planks":56,"minecraft:coal":72,"sophisticatedbackpacks:backpack":1,"travelersbackpack:crafting_upgrade":1,"minecraft:crafting_table":3,"tacz:ammo_box":1,"minecraft:wooden_pickaxe":1,"minecraft:furnace":1,"minecraft:copper_ingot":36,"sophisticatedbackpacks:gold_backpack":1,"sophisticatedbackpacks:crafting_upgrade":1,"minecraft:oak_wood":3,"sophisticatedbackpacks:upgrade_base":2,"travelersbackpack:blank_upgrade":4,"minecraft:air":0,"sophisticatedbackpacks:smelting_upgrade":1,"minecraft:oak_boat":1,"minecraft:shield":1,"minecraft:stick":12,"quark:oak_chest":3,"minecraft:iron_ingot":23,"minecraft:stone_pickaxe":1,"minecraft:wooden_axe":1,"minecraft:iron_block":1,"sophisticatedbackpacks:iron_backpack":1}},"DataVersion":3465}