{"stats":{"minecraft:used":{"minecraft:water_bucket":1,"minecraft:cow_spawn_egg":1,"minecraft:stone_sword":44,"minecraft:elder_guardian_spawn_egg":1,"minecraft:zombie_spawn_egg":8,"minecraft:stone_pickaxe":96,"tacz:gun_smith_table":4,"minecraft:ender_chest":1,"minecraft:blackstone":1,"minecraft:chest":6,"minecraft:shield":6,"minecraft:wooden_pickaxe":9,"minecraft:blue_bed":1,"minecraft:cooked_chicken":5,"minecraft:rotten_flesh":7,"minecraft:torch":5,"minecraft:mossy_cobblestone":1,"quark:blue_corundum_cluster":1,"minecraft:dirt":11,"minecraft:sand":2,"minecraft:crafting_table":6,"travelersbackpack:iron":2,"minecraft:iron_pickaxe":41,"travelersbackpack:white_sleeping_bag":1,"minecraft:stone_axe":55,"travelersbackpack:standard":3,"minecraft:sweet_berries":9,"minecraft:furnace":4,"minecraft:smithing_table":1,"minecraft:bucket":2,"minecraft:andesite":13},"minecraft:crafted":{"paraglider:paraglider":1,"minecraft:oak_planks":72,"travelersbackpack:iron":1,"travelersbackpack:crafting_upgrade":1,"minecraft:crafting_table":2,"travelersbackpack:standard":1,"minecraft:iron_helmet":1,"minecraft:wooden_pickaxe":1,"minecraft:cooked_chicken":7,"minecraft:smithing_table":1,"minecraft:furnace":1,"minecraft:stone_axe":1,"travelersbackpack:blank_upgrade":4,"minecraft:air":0,"travelersbackpack:white_sleeping_bag":1,"minecraft:white_wool":3,"minecraft:iron_chestplate":1,"minecraft:iron_boots":1,"minecraft:shield":1,"minecraft:stick":20,"quark:oak_chest":1,"minecraft:iron_pickaxe":1,"minecraft:iron_ingot":34,"minecraft:stone_pickaxe":1,"minecraft:gold_ingot":2,"minecraft:stone_sword":1,"minecraft:iron_leggings":1},"minecraft:killed":{"minecraft:cave_spider":2,"minecraft:elder_guardian":1,"naturalist:bear":2,"alexsmobs:raccoon":1,"alexsmobs:snow_leopard":1,"naturalist:robin":1,"minecraft:creeper":2,"minecraft:skeleton":1,"minecraft:zombie":17,"minecraft:chicken":3,"minecraft:villager":1,"minecraft:cow":3},"minecraft:killed_by":{"minecraft:spider":1},"minecraft:dropped":{"tacz:modern_kinetic_gun":20,"minecraft:sunflower":2,"travelersbackpack:backpack_tank":16},"minecraft:mined":{"minecraft:blackstone":1,"minecraft:mossy_cobblestone":1,"minecraft:smoker":1,"minecraft:jack_o_lantern":1,"minecraft:crafting_table":6,"minecraft:glow_lichen":1,"minecraft:grass_block":4,"quark:blue_corundum_cluster":1,"travelersbackpack:white_sleeping_bag":1,"minecraft:cobblestone":3,"minecraft:copper_ore":4,"minecraft:lapis_ore":1,"minecraft:oak_planks":1,"minecraft:sugar_cane":4,"minecraft:blue_bed":1,"minecraft:wall_torch":3,"minecraft:spawner":2,"supplementaries:urn":1,"minecraft:furnace":3,"minecraft:iron_ore":15,"minecraft:sweet_berry_bush":5,"minecraft:andesite":13,"minecraft:grass":3,"minecraft:coal_ore":14,"minecraft:oak_log":6,"minecraft:deepslate_iron_ore":19,"minecraft:sunflower":2,"minecraft:sand":2,"minecraft:cobweb":20,"biomesoplenty:barley":1,"minecraft:stone":55,"minecraft:gold_ore":2,"minecraft:deepslate":1},"minecraft:picked_up":{"minecraft:crafting_table":6,"minecraft:feather":13,"minecraft:chicken":8,"minecraft:prismarine_shard":2,"minecraft:andesite":13,"minecraft:leather":1,"minecraft:smoker":1,"paraglider:spirit_orb":6,"minecraft:oak_log":13,"minecraft:shield":1,"minecraft:gunpowder":9,"minecraft:blue_bed":1,"minecraft:string":21,"minecraft:lapis_lazuli":12,"minecraft:dirt":22,"minecraft:raw_copper":32,"travelersbackpack:backpack_tank":16,"minecraft:blackstone":1,"minecraft:cobbled_deepslate":1,"minecraft:raw_gold":2,"minecraft:bucket":2,"minecraft:beef":4,"minecraft:iron_ingot":2,"minecraft:stone_pickaxe":1,"minecraft:sugar_cane":12,"minecraft:oak_planks":2,"minecraft:egg":4,"minecraft:furnace":3,"minecraft:dark_oak_sapling":1,"minecraft:stick":2,"minecraft:raw_iron":34,"minecraft:sweet_berries":48,"minecraft:torch":5,"minecraft:sand":2,"minecraft:prismarine_crystals":1,"quark:blue_corundum_cluster":1,"alexsmobs:animal_dictionary":1,"minecraft:mossy_cobblestone":1,"travelersbackpack:white_sleeping_bag":1,"quark:ancient_tome":1,"minecraft:rotten_flesh":20,"minecraft:stone_axe":1,"tacz:modern_kinetic_gun":20,"farmersdelight:rope":15,"supplementaries:ash":5,"minecraft:jack_o_lantern":1,"minecraft:coal":14,"minecraft:wet_sponge":1,"minecraft:cobblestone":98,"minecraft:sunflower":4},"minecraft:custom":{"minecraft:interact_with_smithing_table":6,"minecraft:interact_with_furnace":27,"minecraft:mob_kills":35,"minecraft:interact_with_crafting_table":22,"minecraft:leave_game":3,"minecraft:time_since_death":53813,"minecraft:sleep_in_bed":3,"minecraft:climb_one_cm":116,"minecraft:time_since_rest":9479,"minecraft:sprint_one_cm":176232,"minecraft:open_enderchest":1,"minecraft:damage_taken":671,"minecraft:walk_one_cm":165360,"minecraft:damage_blocked_by_shield":190,"minecraft:drop":23,"minecraft:damage_dealt":3360,"minecraft:talked_to_villager":5,"minecraft:swim_one_cm":22358,"minecraft:fly_one_cm":240722,"minecraft:open_chest":26,"minecraft:crouch_one_cm":2397,"minecraft:play_time":79765,"minecraft:deaths":1,"minecraft:sneak_time":1356,"minecraft:walk_under_water_one_cm":2861,"minecraft:jump":723,"minecraft:walk_on_water_one_cm":5709,"minecraft:total_world_time":79765,"minecraft:fall_one_cm":15844}},"DataVersion":3465}