{"stats":{"minecraft:dropped":{"minecraft:cooked_beef":3,"minecraft:chainmail_helmet":1},"minecraft:killed":{"minecraft:evoker":1,"minecraft:witch":24,"alexsmobs:raccoon":1,"minecraft:spider":4,"minecraft:slime":1,"alexsmobs:rattlesnake":1,"minecraft:skeleton":6,"iceandfire:fire_dragon":1,"alexsmobs:banana_slug":1,"alexsmobs:underminer":1,"alexsmobs:kangaroo":1,"minecraft:pig":1,"naturalist:bluejay":1,"minecraft:creeper":4,"alexsmobs:emu":7,"minecraft:sheep":1,"minecraft:zombie":15,"iceandfire:ghost":3,"alexsmobs:roadrunner":1,"iceandfire:pixie":1,"minecraft:cow":3},"minecraft:picked_up":{"endrem:magical_eye":1,"minecraft:crafting_table":2,"minecraft:wheat":1,"minecraft:chainmail_boots":1,"minecraft:brown_mushroom":10,"minecraft:lead":1,"minecraft:oak_stairs":2,"minecraft:enchanted_book":2,"minecraft:potion":2,"minecraft:brewing_stand":1,"paraglider:goddess_statue":1,"minecraft:string":25,"minecraft:raw_copper":17,"minecraft:armor_stand":2,"tacz:ammo":300,"minecraft:iron_shovel":1,"minecraft:experience_bottle":2,"alexsmobs:emu_feather":9,"minecraft:gold_nugget":1111,"minecraft:waxed_weathered_copper":3,"minecraft:eye_armor_trim_smithing_template":1,"minecraft:beef":4,"minecraft:oak_boat":1,"minecraft:iron_pickaxe":1,"minecraft:sugar_cane":2,"minecraft:coal_block":8,"minecraft:waxed_oxidized_copper":2,"minecraft:sandstone":4,"iceandfire:dragonbone":12,"minecraft:stick":26,"minecraft:raw_iron":15,"minecraft:torch":2,"sophisticatedbackpacks:backpack":1,"minecraft:sandstone_wall":5,"minecraft:porkchop":1,"minecraft:redstone":8,"quark:ancient_tome":1,"minecraft:rotten_flesh":10,"minecraft:sandstone_stairs":1,"minecraft:iron_block":2,"minecraft:totem_of_undying":1,"supplementaries:ash":1,"minecraft:deepslate_brick_stairs":1,"alexsmobs:ghostly_pickaxe":1,"minecraft:mutton":2,"minecraft:iron_bars":1,"alexsmobs:kangaroo_meat":1,"minecraft:cobblestone":12,"minecraft:white_wool":1,"minecraft:feather":8,"minecraft:cooked_beef":1,"minecraft:leather":3,"minecraft:copper_block":8,"minecraft:red_mushroom":14,"paraglider:spirit_orb":5,"minecraft:flint":1,"minecraft:oak_log":10,"minecraft:chainmail_chestplate":1,"minecraft:gunpowder":7,"minecraft:cobbled_deepslate_stairs":2,"minecraft:dirt":2,"minecraft:lantern":1,"minecraft:bone":5,"minecraft:stone_bricks":2,"minecraft:wheat_seeds":1,"minecraft:iron_ingot":1,"minecraft:glowstone_dust":6,"minecraft:glass_bottle":7,"tacz:gun_smith_table":2,"minecraft:oak_planks":10,"minecraft:iron_sword":1,"minecraft:waxed_exposed_copper":3,"iceandfire:dragon_skull_fire":1,"minecraft:sand":14,"minecraft:white_bed":7,"alexsmobs:animal_dictionary":1,"minecraft:spider_eye":8,"alexsmobs:kangaroo_hide":1,"minecraft:sugar":3,"minecraft:slime_ball":1,"minecraft:diamond":2,"tacz:modern_kinetic_gun":1,"minecraft:chainmail_leggings":1,"minecraft:golden_apple":1,"minecraft:emerald":3,"minecraft:chainmail_helmet":2,"alexsmobs:maggot":1,"alexsmobs:banana_slug_slime":1,"minecraft:dark_oak_fence":1},"minecraft:mined":{"minecraft:white_bed":7,"minecraft:cobbled_deepslate_stairs":2,"minecraft:brewing_stand":1,"minecraft:dark_oak_fence":1,"minecraft:grass_block":1,"minecraft:coal_block":8,"tacz:gun_smith_table":2,"minecraft:waxed_weathered_copper":3,"minecraft:sandstone_stairs":1,"minecraft:spawner":2,"minecraft:iron_ore":15,"iceandfire:gold_pile":107,"minecraft:vine":2,"minecraft:oak_stairs":2,"minecraft:iron_bars":1,"minecraft:deepslate_brick_stairs":1,"minecraft:waxed_exposed_copper":3,"minecraft:stone":12,"minecraft:iron_block":2,"minecraft:brown_mushroom":1,"minecraft:crafting_table":2,"minecraft:copper_ore":5,"minecraft:sugar_cane":1,"minecraft:copper_block":8,"minecraft:grass":3,"minecraft:oak_log":10,"minecraft:waxed_oxidized_copper":2,"minecraft:dirt":1,"minecraft:cobweb":21,"minecraft:stone_bricks":2,"minecraft:fern":1,"paraglider:goddess_statue":1},"minecraft:custom":{"minecraft:mob_kills":79,"minecraft:interact_with_crafting_table":15,"minecraft:open_barrel":33,"minecraft:damage_dealt_resisted":1239,"minecraft:leave_game":5,"minecraft:time_since_death":106581,"minecraft:climb_one_cm":12148,"minecraft:sprint_one_cm":265421,"minecraft:walk_one_cm":270013,"minecraft:damage_blocked_by_shield":165,"minecraft:drop":4,"minecraft:talked_to_villager":1,"minecraft:play_time":109180,"minecraft:deaths":1,"minecraft:sneak_time":1065,"minecraft:walk_under_water_one_cm":11188,"minecraft:jump":969,"minecraft:interact_with_brewingstand":1,"minecraft:walk_on_water_one_cm":7975,"minecraft:total_world_time":109180,"minecraft:interact_with_furnace":7,"minecraft:interact_with_loom":1,"minecraft:sleep_in_bed":15,"minecraft:time_since_rest":4669,"minecraft:waystone_activated":1,"minecraft:damage_taken":2976,"minecraft:trigger_trapped_chest":2,"minecraft:damage_dealt":10236,"minecraft:swim_one_cm":14967,"minecraft:fly_one_cm":198042,"minecraft:open_chest":61,"minecraft:crouch_one_cm":1054,"minecraft:interact_with_smoker":1,"minecraft:fall_one_cm":30191},"minecraft:used":{"minecraft:waxed_weathered_copper":3,"minecraft:armor_stand":2,"tacz:gun_smith_table":2,"minecraft:shield":7,"minecraft:iron_sword":188,"minecraft:sandstone_wall":5,"minecraft:torch":7,"minecraft:chainmail_chestplate":1,"minecraft:waxed_oxidized_copper":2,"minecraft:wooden_axe":44,"alexsmobs:maggot":1,"minecraft:iron_axe":26,"minecraft:beef":2,"supplementaries:ash":1,"minecraft:cooked_beef":29,"minecraft:oak_planks":22,"minecraft:wooden_pickaxe":16,"minecraft:sandstone":4,"minecraft:brown_mushroom":1,"minecraft:chainmail_helmet":1,"minecraft:waxed_exposed_copper":3,"minecraft:sand":11,"minecraft:crafting_table":3,"minecraft:white_bed":8,"minecraft:mushroom_stem":1,"minecraft:bread":2,"minecraft:iron_pickaxe":165,"alexsmobs:kangaroo_meat":1,"minecraft:chainmail_boots":1,"minecraft:porkchop":1,"minecraft:oak_boat":1,"alexsmobs:animal_dictionary":1,"minecraft:cobweb":1,"minecraft:experience_bottle":2,"minecraft:chainmail_leggings":1},"minecraft:broken":{"minecraft:wooden_axe":1},"minecraft:crafted":{"minecraft:oak_planks":56,"minecraft:coal":72,"travelersbackpack:crafting_upgrade":1,"minecraft:furnace":1,"sophisticatedbackpacks:crafting_upgrade":1,"travelersbackpack:blank_upgrade":4,"sophisticatedbackpacks:smelting_upgrade":1,"minecraft:stone_pickaxe":1,"sophisticatedbackpacks:iron_backpack":1,"paraglider:paraglider":1,"sophisticatedbackpacks:backpack":1,"minecraft:crafting_table":3,"tacz:ammo_box":1,"minecraft:wooden_pickaxe":1,"minecraft:copper_ingot":72,"sophisticatedbackpacks:gold_backpack":1,"minecraft:oak_wood":3,"sophisticatedbackpacks:upgrade_base":2,"minecraft:air":0,"minecraft:oak_boat":1,"minecraft:shield":1,"minecraft:stick":12,"quark:oak_chest":3,"minecraft:iron_ingot":23,"minecraft:wooden_axe":1,"minecraft:iron_block":1}},"DataVersion":3465}