{"stats":{"minecraft:dropped":{"minecraft:bread":1,"minecraft:rabbit":1,"minecraft:rose_bush":1,"minecraft:iron_pickaxe":1,"minecraft:pumpkin_seeds":2,"minecraft:poppy":1,"supplementaries:quiver":1,"minecraft:hay_block":3},"minecraft:custom":{"minecraft:mob_kills":55,"minecraft:interact_with_crafting_table":47,"minecraft:open_barrel":20,"minecraft:damage_dealt_resisted":411,"minecraft:leave_game":7,"minecraft:time_since_death":22457,"minecraft:climb_one_cm":6437,"minecraft:sprint_one_cm":428215,"minecraft:walk_one_cm":315407,"minecraft:damage_blocked_by_shield":960,"minecraft:drop":8,"minecraft:talked_to_villager":6,"minecraft:play_time":126507,"minecraft:deaths":1,"minecraft:sneak_time":1765,"minecraft:walk_under_water_one_cm":4910,"minecraft:jump":1194,"minecraft:walk_on_water_one_cm":12170,"minecraft:total_world_time":126507,"minecraft:interact_with_furnace":50,"minecraft:sleep_in_bed":7,"minecraft:time_since_rest":7784,"minecraft:waystone_activated":1,"minecraft:damage_absorbed":40,"minecraft:damage_taken":2550,"minecraft:damage_dealt":12953,"minecraft:swim_one_cm":19061,"minecraft:fly_one_cm":206611,"minecraft:open_chest":49,"minecraft:crouch_one_cm":2842,"minecraft:interact_with_smoker":1,"minecraft:fall_one_cm":32589},"minecraft:crafted":{"minecraft:oak_planks":60,"minecraft:cooked_chicken":1,"sophisticatedbackpacks:stack_upgrade_tier_1":1,"minecraft:furnace":2,"iceandfire:armor_copper_metal_leggings":1,"iceandfire:copper_nugget":2,"iceandfire:armor_copper_metal_boots":1,"iceandfire:armor_copper_metal_helmet":1,"minecraft:green_dye":1,"minecraft:stone_pickaxe":1,"iceandfire:armor_copper_metal_chestplate":1,"iceandfire:armor_silver_metal_boots":1,"iceandfire:copper_pickaxe":1,"sophisticatedbackpacks:iron_backpack":1,"minecraft:wheat":290,"minecraft:emerald":9,"sophisticatedbackpacks:backpack":1,"iceandfire:silver_ingot":13,"minecraft:cooked_porkchop":7,"minecraft:crafting_table":1,"minecraft:wooden_pickaxe":1,"tacz:gun_smith_table":1,"minecraft:copper_ingot":31,"sophisticatedbackpacks:gold_backpack":1,"minecraft:stone_axe":1,"sophisticatedbackpacks:upgrade_base":1,"minecraft:bread":118,"minecraft:air":0,"minecraft:oak_boat":1,"minecraft:white_wool":6,"minecraft:iron_chestplate":1,"minecraft:wooden_hoe":1,"minecraft:charcoal":1,"minecraft:shield":1,"minecraft:stick":8,"quark:oak_chest":1,"minecraft:iron_ingot":16,"minecraft:iron_pickaxe":1,"minecraft:gold_ingot":101,"minecraft:green_wool":2,"minecraft:torch":4,"iceandfire:armor_bronze_helmet":1,"iceandfire:silver_sword":1},"minecraft:mined":{"biomesoplenty:watergrass":4,"iceandfire:silver_ore":3,"iceandfire:copper_pile":8,"biomesoplenty:desert_grass":4,"minecraft:jungle_leaves":1,"minecraft:grass_block":1,"iceandfire:lectern":1,"iceandfire:deepslate_silver_ore":3,"biomesoplenty:dried_salt":3,"tacz:gun_smith_table":2,"biomesoplenty:dune_grass":11,"minecraft:hay_block":33,"minecraft:furnace":7,"minecraft:iron_ore":3,"minecraft:deepslate_lapis_ore":2,"minecraft:gold_block":1,"minecraft:pointed_dripstone":1,"minecraft:deepslate_iron_ore":4,"iceandfire:gold_pile":68,"biomesoplenty:webbing":1,"biomesoplenty:spider_egg":6,"minecraft:stone":26,"minecraft:bone_block":17,"minecraft:soul_lantern":1,"minecraft:crafting_table":9,"minecraft:torch":6,"minecraft:poppy":2,"minecraft:dead_bush":8,"minecraft:rose_bush":2,"minecraft:copper_ore":7,"minecraft:lapis_ore":2,"minecraft:deepslate_gold_ore":1,"minecraft:sugar_cane":4,"minecraft:wall_torch":5,"supplementaries:urn":1,"minecraft:jungle_wood":3,"minecraft:grass":6,"minecraft:oak_log":11,"minecraft:coal_ore":20,"iceandfire:silver_pile":13,"minecraft:dirt":2,"biomesoplenty:stringy_cobweb":1,"minecraft:cobweb":15,"minecraft:netherrack":6,"minecraft:gold_ore":3,"minecraft:deepslate":3,"minecraft:oak_leaves":1,"paraglider:goddess_statue":1},"minecraft:used":{"iceandfire:silver_sword":240,"minecraft:poppy":1,"tacz:gun_smith_table":2,"minecraft:shield":33,"minecraft:iron_sword":32,"minecraft:cooked_chicken":1,"minecraft:netherrack":4,"minecraft:torch":19,"iceandfire:armor_copper_metal_boots":1,"minecraft:dirt":7,"minecraft:mutton":1,"minecraft:iron_axe":30,"iceandfire:copper_pickaxe":10,"minecraft:bow":17,"minecraft:furnace":7,"minecraft:egg":1,"minecraft:cobbled_deepslate":3,"minecraft:pointed_dripstone":2,"minecraft:stone_pickaxe":68,"minecraft:wooden_pickaxe":18,"iceandfire:dragon_skull_lightning":1,"minecraft:golden_apple":1,"minecraft:sand":3,"minecraft:crafting_table":9,"minecraft:wooden_hoe":33,"minecraft:bread":34,"minecraft:iron_pickaxe":121,"biomesoplenty:dried_salt":1,"minecraft:stone_axe":33,"minecraft:cobblestone":2,"minecraft:cooked_porkchop":7,"minecraft:bucket":1,"minecraft:oak_boat":1,"alexsmobs:animal_dictionary":1,"minecraft:cobweb":5},"minecraft:killed":{"naturalist:rattlesnake":1,"minecraft:cave_spider":12,"minecraft:spider":6,"naturalist:tortoise":1,"alexsmobs:rattlesnake":2,"alexsmobs:gorilla":1,"minecraft:skeleton":4,"iceandfire:fire_dragon":1,"minecraft:chicken":1,"minecraft:husk":7,"minecraft:pig":3,"minecraft:creeper":3,"minecraft:zombie":3,"aquaculture:synodontis":1,"alexsmobs:gazelle":1,"alexsmobs:roadrunner":1,"iceandfire:sea_serpent":1},"minecraft:killed_by":{"minecraft:husk":1},"minecraft:picked_up":{"iceandfire:dragon_skull_lightning":2,"sophisticatedbackpacks:gold_backpack":1,"minecraft:crafting_table":10,"minecraft:wheat":7,"aquaculture:synodontis":1,"minecraft:chicken":1,"iceandfire:armor_copper_metal_chestplate":1,"minecraft:gold_block":1,"biomesoplenty:huge_lily_pad":1,"minecraft:shield":1,"alexsmobs:gazelle_horn":1,"paraglider:goddess_statue":1,"minecraft:string":35,"minecraft:raw_copper":27,"minecraft:iron_axe":1,"minecraft:iron_leggings":1,"minecraft:cobbled_deepslate":3,"minecraft:gold_nugget":800,"minecraft:oak_boat":1,"minecraft:rose_bush":1,"minecraft:poppy":2,"minecraft:iron_pickaxe":2,"minecraft:sugar_cane":9,"minecraft:furnace":9,"minecraft:egg":1,"minecraft:stick":16,"minecraft:raw_iron":7,"iceandfire:dragonbone":30,"minecraft:torch":29,"minecraft:acacia_log":2,"minecraft:sandstone_wall":2,"minecraft:porkchop":7,"minecraft:pointed_dripstone":2,"iceandfire:armor_silver_metal_boots":1,"minecraft:arrow":60,"minecraft:rotten_flesh":20,"biomesoplenty:orange_sandstone":38,"iceandfire:chared_dirt":15,"minecraft:hay_block":36,"iceandfire:fire_dragon_heart":1,"supplementaries:quiver":1,"minecraft:mutton":1,"biomesoplenty:orange_sand":8,"minecraft:bone_block":34,"minecraft:cobblestone":26,"minecraft:feather":2,"iceandfire:sea_serpent_fang":6,"biomesoplenty:dried_salt":1,"minecraft:jungle_wood":5,"minecraft:potato":1,"minecraft:oak_log":11,"minecraft:lily_pad":18,"minecraft:gunpowder":6,"minecraft:lapis_lazuli":22,"iceandfire:dragonscales_bronze":7,"minecraft:dirt":25,"minecraft:bone":6,"minecraft:bow":1,"minecraft:wheat_seeds":6,"minecraft:raw_gold":4,"minecraft:rabbit_hide":1,"minecraft:rabbit":1,"tacz:gun_smith_table":2,"iceandfire:fire_dragon_flesh":6,"iceandfire:sea_serpent_scales_deepblue":9,"minecraft:oak_planks":33,"iceandfire:copper_nugget":36,"biomesoplenty:waterlily":1,"iceandfire:armor_bronze_helmet":1,"minecraft:dandelion":1,"iceandfire:dragon_skull_fire":1,"minecraft:sand":3,"minecraft:spider_eye":5,"minecraft:pumpkin_seeds":2,"minecraft:soul_lantern":1,"iceandfire:lectern":1,"iceandfire:silver_sword":1,"minecraft:bone_meal":1,"minecraft:bread":163,"minecraft:netherrack":4,"iceandfire:silver_nugget":70,"minecraft:coal":57,"iceandfire:chared_gravel":20,"iceandfire:raw_silver":6}},"DataVersion":3465}