{"stats":{"minecraft:picked_up":{"minecraft:sand":2,"minecraft:dirt":3},"minecraft:custom":{"minecraft:jump":33,"minecraft:time_since_rest":2218,"minecraft:leave_game":1,"minecraft:sprint_one_cm":3075,"minecraft:play_time":2218,"minecraft:time_since_death":2218,"minecraft:walk_one_cm":2827,"minecraft:total_world_time":2218,"minecraft:fall_one_cm":1103,"minecraft:fly_one_cm":7576},"minecraft:used":{"minecraft:dirt":3,"minecraft:sand":2},"minecraft:mined":{"minecraft:grass_block":3,"minecraft:sand":2}},"DataVersion":3465}