{"stats":{"minecraft:crafted":{"minecraft:crafting_table":2,"minecraft:wooden_pickaxe":1,"minecraft:furnace":2,"minecraft:birch_planks":44,"minecraft:cooked_mutton":5,"minecraft:air":0,"minecraft:stick":12,"minecraft:iron_ingot":4,"minecraft:iron_pickaxe":1,"minecraft:stone_pickaxe":1,"minecraft:wooden_axe":1,"minecraft:torch":16},"minecraft:used":{"minecraft:oak_fence":9,"minecraft:oak_trapdoor":4,"minecraft:cooked_mutton":2,"minecraft:mossy_stone_bricks":92,"minecraft:netherite_sword":30,"minecraft:rose_bush":2,"minecraft:enchanting_table":1,"minecraft:stone_pickaxe":43,"minecraft:prismarine":149,"minecraft:wooden_pickaxe":10,"minecraft:mossy_stone_brick_slab":8,"minecraft:rotten_flesh":2,"minecraft:white_wool":4,"minecraft:torch":2,"minecraft:diamond_block":1,"minecraft:dirt":19,"minecraft:anvil":1,"minecraft:oak_slab":21,"minecraft:crafting_table":5,"minecraft:oak_wood":5,"minecraft:oak_log":10,"minecraft:wooden_axe":38,"minecraft:light_gray_concrete":74,"minecraft:grass_block":19,"minecraft:iron_pickaxe":55,"minecraft:stone_bricks":2,"minecraft:glowstone":4,"minecraft:furnace":3,"minecraft:white_concrete":31,"minecraft:mossy_stone_brick_wall":15},"minecraft:custom":{"minecraft:interact_with_furnace":7,"minecraft:interact_with_anvil":1,"minecraft:mob_kills":25,"minecraft:interact_with_crafting_table":6,"minecraft:leave_game":11,"minecraft:time_since_death":21867,"minecraft:time_since_rest":21894,"minecraft:sprint_one_cm":121473,"minecraft:damage_taken":4609,"minecraft:walk_one_cm":159676,"minecraft:damage_dealt":4001,"minecraft:swim_one_cm":19230,"minecraft:fly_one_cm":438556,"minecraft:open_chest":2,"minecraft:crouch_one_cm":599,"minecraft:play_time":257977,"minecraft:deaths":3,"minecraft:sneak_time":1131,"minecraft:walk_under_water_one_cm":5355,"minecraft:jump":681,"minecraft:walk_on_water_one_cm":9202,"minecraft:enchant_item":4,"minecraft:total_world_time":257977,"minecraft:fall_one_cm":45896},"minecraft:killed_by":{"minecraft:skeleton":1,"minecraft:zombie":1},"minecraft:broken":{"minecraft:wooden_axe":1},"minecraft:mined":{"minecraft:dark_oak_leaves":3,"minecraft:crafting_table":3,"minecraft:grass_block":4,"minecraft:glass":1,"minecraft:sugar_cane":3,"minecraft:furnace":1,"minecraft:birch_log":11,"minecraft:iron_ore":16,"minecraft:birch_leaves":1,"minecraft:grass":2,"minecraft:coal_ore":25,"minecraft:dirt":14,"minecraft:stone":60},"minecraft:picked_up":{"minecraft:wooden_axe":2,"minecraft:birch_log":11,"minecraft:crafting_table":3,"minecraft:barrier":1,"minecraft:anvil":1,"minecraft:leather":2,"minecraft:birch_planks":11,"minecraft:enchanted_book":1,"minecraft:oak_log":1,"minecraft:gunpowder":4,"minecraft:string":4,"minecraft:dirt":18,"minecraft:bone":6,"minecraft:wheat_seeds":2,"minecraft:beef":2,"minecraft:rose_bush":2,"minecraft:sugar_cane":8,"minecraft:birch_sapling":2,"minecraft:furnace":1,"minecraft:oak_slab":1,"minecraft:stick":3,"minecraft:raw_iron":16,"minecraft:white_stained_glass_pane":56,"minecraft:oak_fence":1,"minecraft:sand":1,"minecraft:black_stained_glass_pane":52,"minecraft:spider_eye":1,"minecraft:oak_wood":1,"minecraft:arrow":2,"minecraft:rotten_flesh":13,"minecraft:netherite_chestplate":1,"minecraft:mutton":7,"minecraft:coal":49,"minecraft:white_wool":4,"minecraft:cobblestone":60,"minecraft:ender_pearl":1},"minecraft:killed":{"minecraft:spider":6,"minecraft:creeper":2,"minecraft:sheep":4,"minecraft:skeleton":4,"minecraft:zombie":7,"minecraft:drowned":1,"minecraft:cow":1}},"DataVersion":3465}