{"stats":{"minecraft:custom":{"minecraft:time_since_rest":10578,"minecraft:sprint_one_cm":50467,"minecraft:damage_taken":4115,"minecraft:walk_one_cm":113990,"minecraft:interact_with_anvil":1,"minecraft:mob_kills":11,"minecraft:damage_dealt":2040,"minecraft:swim_one_cm":4454,"minecraft:fly_one_cm":347700,"minecraft:open_chest":2,"minecraft:crouch_one_cm":548,"minecraft:play_time":230430,"minecraft:deaths":2,"minecraft:sneak_time":1064,"minecraft:walk_under_water_one_cm":1184,"minecraft:jump":195,"minecraft:leave_game":9,"minecraft:walk_on_water_one_cm":1096,"minecraft:time_since_death":10537,"minecraft:enchant_item":4,"minecraft:total_world_time":230430,"minecraft:fall_one_cm":36789},"minecraft:used":{"minecraft:oak_fence":9,"minecraft:oak_log":10,"minecraft:oak_trapdoor":4,"minecraft:wooden_axe":4,"minecraft:mossy_stone_bricks":92,"minecraft:enchanting_table":1,"minecraft:light_gray_concrete":74,"minecraft:grass_block":19,"minecraft:prismarine":149,"minecraft:mossy_stone_brick_slab":8,"minecraft:stone_bricks":2,"minecraft:white_wool":4,"minecraft:glowstone":4,"minecraft:diamond_block":1,"minecraft:dirt":2,"minecraft:anvil":1,"minecraft:oak_slab":21,"minecraft:oak_wood":5,"minecraft:white_concrete":31,"minecraft:mossy_stone_brick_wall":15,"minecraft:netherite_sword":25},"minecraft:killed_by":{"minecraft:zombie":1},"minecraft:picked_up":{"minecraft:wooden_axe":1,"minecraft:oak_slab":1,"minecraft:stick":1,"minecraft:barrier":1,"minecraft:white_stained_glass_pane":56,"minecraft:anvil":1,"minecraft:oak_fence":1,"minecraft:enchanted_book":1,"minecraft:black_stained_glass_pane":52,"minecraft:oak_log":1,"minecraft:gunpowder":4,"minecraft:string":4,"minecraft:dirt":1,"minecraft:oak_wood":1,"minecraft:bone":2,"minecraft:rotten_flesh":6,"minecraft:netherite_chestplate":1,"minecraft:birch_sapling":2},"minecraft:mined":{"minecraft:grass_block":1,"minecraft:glass":1},"minecraft:killed":{"minecraft:zombie":4,"minecraft:spider":4,"minecraft:creeper":2,"minecraft:skeleton":1}},"DataVersion":3465}