{"stats":{"minecraft:killed":{"minecraft:creeper":1},"minecraft:picked_up":{"minecraft:stick":1,"minecraft:gunpowder":2,"minecraft:birch_sapling":2},"minecraft:custom":{"minecraft:time_since_rest":135386,"minecraft:play_time":135386,"minecraft:crouch_one_cm":328,"minecraft:sprint_one_cm":31046,"minecraft:damage_taken":50,"minecraft:walk_one_cm":47457,"minecraft:sneak_time":885,"minecraft:mob_kills":1,"minecraft:jump":87,"minecraft:damage_dealt":200,"minecraft:leave_game":5,"minecraft:time_since_death":135386,"minecraft:total_world_time":135386,"minecraft:fall_one_cm":756,"minecraft:fly_one_cm":237744},"minecraft:used":{"minecraft:oak_trapdoor":4,"minecraft:oak_log":10,"minecraft:oak_fence":9,"minecraft:white_wool":4,"minecraft:wooden_axe":4,"minecraft:diamond_block":1,"minecraft:glowstone":4,"minecraft:oak_slab":21,"minecraft:light_gray_concrete":74,"minecraft:grass_block":14,"minecraft:prismarine":149,"minecraft:oak_wood":4,"minecraft:white_concrete":31}},"DataVersion":3465}