{"stats":{"minecraft:killed":{"minecraft:creeper":1},"minecraft:used":{"minecraft:oak_fence":9,"minecraft:oak_log":10,"minecraft:wooden_axe":4,"minecraft:oak_trapdoor":4,"minecraft:white_wool":4,"minecraft:mossy_stone_bricks":92,"minecraft:glowstone":4,"minecraft:diamond_block":1,"minecraft:enchanting_table":1,"minecraft:anvil":1,"minecraft:oak_slab":21,"minecraft:light_gray_concrete":74,"minecraft:grass_block":19,"minecraft:prismarine":149,"minecraft:oak_wood":5,"minecraft:white_concrete":31,"minecraft:dirt":2,"minecraft:mossy_stone_brick_wall":15,"minecraft:mossy_stone_brick_slab":8,"minecraft:stone_bricks":2},"minecraft:mined":{"minecraft:grass_block":1},"minecraft:picked_up":{"minecraft:stick":1,"minecraft:gunpowder":2,"minecraft:birch_sapling":2,"minecraft:dirt":1},"minecraft:custom":{"minecraft:open_chest":2,"minecraft:time_since_rest":189010,"minecraft:crouch_one_cm":548,"minecraft:play_time":189010,"minecraft:sprint_one_cm":44370,"minecraft:damage_taken":300,"minecraft:walk_one_cm":91880,"minecraft:sneak_time":1064,"minecraft:interact_with_anvil":1,"minecraft:walk_under_water_one_cm":1184,"minecraft:mob_kills":1,"minecraft:jump":129,"minecraft:damage_dealt":200,"minecraft:leave_game":8,"minecraft:walk_on_water_one_cm":1096,"minecraft:time_since_death":189010,"minecraft:enchant_item":4,"minecraft:total_world_time":189010,"minecraft:swim_one_cm":4454,"minecraft:fall_one_cm":1508,"minecraft:fly_one_cm":338385}},"DataVersion":3465}