{"stats":{"minecraft:used":{"minecraft:oak_log":10,"minecraft:oak_fence":9,"minecraft:oak_trapdoor":4,"minecraft:wooden_axe":4,"minecraft:mossy_stone_bricks":92,"minecraft:enchanting_table":1,"minecraft:light_gray_concrete":74,"minecraft:grass_block":19,"minecraft:prismarine":149,"minecraft:mossy_stone_brick_slab":8,"minecraft:stone_bricks":2,"minecraft:white_wool":4,"minecraft:diamond_block":1,"minecraft:glowstone":4,"minecraft:dirt":2,"minecraft:anvil":1,"minecraft:oak_slab":21,"minecraft:oak_wood":5,"minecraft:white_concrete":31,"minecraft:mossy_stone_brick_wall":15},"minecraft:custom":{"minecraft:time_since_rest":4138,"minecraft:sprint_one_cm":44370,"minecraft:damage_taken":3700,"minecraft:walk_one_cm":100259,"minecraft:mob_kills":1,"minecraft:interact_with_anvil":1,"minecraft:damage_dealt":200,"minecraft:swim_one_cm":4454,"minecraft:fly_one_cm":338385,"minecraft:open_chest":2,"minecraft:crouch_one_cm":548,"minecraft:play_time":206430,"minecraft:deaths":1,"minecraft:sneak_time":1064,"minecraft:walk_under_water_one_cm":1184,"minecraft:jump":130,"minecraft:leave_game":9,"minecraft:time_since_death":4112,"minecraft:walk_on_water_one_cm":1096,"minecraft:enchant_item":4,"minecraft:total_world_time":206430,"minecraft:fall_one_cm":35744},"minecraft:picked_up":{"minecraft:wooden_axe":1,"minecraft:oak_slab":1,"minecraft:stick":1,"minecraft:white_stained_glass_pane":56,"minecraft:barrier":1,"minecraft:anvil":1,"minecraft:oak_fence":1,"minecraft:enchanted_book":1,"minecraft:black_stained_glass_pane":52,"minecraft:oak_log":1,"minecraft:gunpowder":4,"minecraft:dirt":1,"minecraft:oak_wood":1,"minecraft:netherite_chestplate":1,"minecraft:birch_sapling":2},"minecraft:killed":{"minecraft:creeper":1},"minecraft:mined":{"minecraft:grass_block":1,"minecraft:glass":1}},"DataVersion":3465}