{"stats":{"minecraft:killed_by":{"minecraft:player":3,"minecraft:zombie":1},"minecraft:mined":{"minecraft:tuff":35,"minecraft:deepslate_diamond_ore":12,"minecraft:obsidian":1,"minecraft:granite":25,"minecraft:grass_block":3,"minecraft:polished_diorite":22,"minecraft:tall_seagrass":1,"minecraft:magma_block":1,"minecraft:carrots":156,"minecraft:iron_ore":54,"minecraft:andesite":60,"minecraft:deepslate_lapis_ore":17,"minecraft:pointed_dripstone":5,"minecraft:deepslate_iron_ore":64,"minecraft:stone":153,"minecraft:deepslate_redstone_ore":96,"minecraft:blackstone":2,"minecraft:cobblestone":15,"minecraft:tall_grass":1,"minecraft:copper_ore":120,"minecraft:deepslate_gold_ore":71,"minecraft:lapis_ore":3,"minecraft:oak_planks":2,"minecraft:diorite":12,"minecraft:cauldron":2,"minecraft:deepslate_copper_ore":21,"minecraft:seagrass":1,"minecraft:cobblestone_wall":3,"minecraft:birch_log":2,"minecraft:wheat":12,"minecraft:grass":2,"minecraft:coal_ore":110,"minecraft:gravel":1,"minecraft:dripstone_block":6,"minecraft:dirt":32,"minecraft:netherrack":39,"minecraft:gold_ore":9,"minecraft:deepslate":326},"minecraft:picked_up":{"minecraft:seagrass":5,"minecraft:wheat":3,"minecraft:suspicious_stew":1,"minecraft:diamond_sword":1,"minecraft:nether_brick":13,"minecraft:shield":1,"minecraft:string":5,"minecraft:elytra":1,"minecraft:raw_copper":478,"minecraft:blackstone":2,"minecraft:diamond_leggings":1,"minecraft:cobbled_deepslate":180,"minecraft:bucket":2,"minecraft:egg":5,"minecraft:raw_iron":114,"minecraft:torch":3,"minecraft:bowl":1,"minecraft:porkchop":178,"minecraft:pointed_dripstone":12,"minecraft:diorite":59,"minecraft:carrot":237,"minecraft:redstone":420,"minecraft:cauldron":2,"minecraft:rotten_flesh":14,"minecraft:arrow":8,"minecraft:diamond_chestplate":1,"minecraft:salmon_bucket":1,"minecraft:diamond_boots":1,"minecraft:obsidian":1,"minecraft:mutton":1,"minecraft:white_wool":1,"minecraft:rail":2,"minecraft:cobblestone":221,"minecraft:birch_log":2,"minecraft:magma_block":2,"minecraft:salmon":30,"minecraft:glow_ink_sac":2,"minecraft:andesite":77,"minecraft:tuff":35,"minecraft:cobblestone_wall":2,"minecraft:lapis_lazuli":133,"minecraft:dirt":57,"minecraft:bone":11,"minecraft:wheat_seeds":45,"minecraft:raw_gold":80,"minecraft:iron_ingot":6,"minecraft:diamond_helmet":1,"minecraft:oak_planks":2,"minecraft:cooked_porkchop":12,"minecraft:dripstone_block":6,"minecraft:gravel":9,"minecraft:ink_sac":12,"minecraft:spider_eye":1,"minecraft:diamond":12,"minecraft:polished_diorite":26,"minecraft:granite":24,"minecraft:bone_meal":3,"minecraft:netherrack":86,"minecraft:coal":108,"minecraft:diamond_pickaxe":1},"minecraft:killed":{"minecraft:spider":6,"minecraft:skeleton":10,"minecraft:drowned":1,"minecraft:salmon":13,"minecraft:iron_golem":1,"minecraft:bat":1,"minecraft:sheep":1,"minecraft:zombie":16},"minecraft:dropped":{"minecraft:wheat_seeds":1,"minecraft:diamond":5,"minecraft:cobblestone":1,"minecraft:diorite":6,"minecraft:gravel":30,"minecraft:cobblestone_wall":1,"minecraft:carrot":1,"minecraft:andesite":1,"minecraft:arrow":1},"minecraft:used":{"minecraft:elytra":1,"minecraft:shield":50,"minecraft:netherrack":49,"minecraft:torch":3,"minecraft:dirt":53,"minecraft:cobblestone_wall":1,"minecraft:carrot":122,"minecraft:diamond_helmet":1,"minecraft:salmon_bucket":86,"minecraft:tuff":9,"minecraft:polished_diorite":6,"minecraft:diamond_chestplate":1,"minecraft:magma_block":1,"minecraft:egg":5,"minecraft:potato":1,"minecraft:cobbled_deepslate":59,"minecraft:seagrass":5,"minecraft:wheat_seeds":14,"minecraft:water_bucket":136,"minecraft:diorite":127,"minecraft:diamond_boots":2,"minecraft:oak_planks":1,"minecraft:blackstone":2,"minecraft:cauldron":2,"minecraft:salmon":14,"minecraft:diamond_pickaxe":1301,"minecraft:apple":11,"minecraft:bread":3,"minecraft:suspicious_stew":1,"minecraft:gravel":9,"minecraft:diamond_sword":189,"minecraft:cobblestone":164,"minecraft:porkchop":29,"minecraft:cooked_porkchop":18,"minecraft:andesite":96,"minecraft:bucket":221},"minecraft:crafted":{"minecraft:diamond_leggings":1,"minecraft:netherite_scrap":32,"minecraft:diamond_sword":1,"minecraft:cauldron":1,"minecraft:cooked_porkchop":18,"minecraft:bucket":2,"minecraft:birch_planks":8,"minecraft:bread":11,"minecraft:air":0,"minecraft:diamond_pickaxe":1,"minecraft:shield":1,"minecraft:stick":4,"minecraft:iron_ingot":11,"minecraft:diamond_chestplate":1},"minecraft:custom":{"minecraft:mob_kills":49,"minecraft:interact_with_anvil":2,"minecraft:animals_bred":96,"minecraft:interact_with_crafting_table":16,"minecraft:open_shulker_box":12,"minecraft:bell_ring":6,"minecraft:leave_game":7,"minecraft:time_since_death":170093,"minecraft:sprint_one_cm":896055,"minecraft:walk_one_cm":1639076,"minecraft:damage_blocked_by_shield":2689,"minecraft:drop":38,"minecraft:talked_to_villager":13,"minecraft:play_time":327666,"minecraft:deaths":4,"minecraft:sneak_time":19161,"minecraft:walk_under_water_one_cm":133211,"minecraft:interact_with_brewingstand":1,"minecraft:jump":7543,"minecraft:interact_with_blast_furnace":1,"minecraft:walk_on_water_one_cm":137719,"minecraft:total_world_time":327666,"minecraft:interact_with_furnace":18,"minecraft:sleep_in_bed":2,"minecraft:time_since_rest":170226,"minecraft:damage_taken":2676,"minecraft:damage_dealt":7356,"minecraft:fly_one_cm":1229970,"minecraft:swim_one_cm":220282,"minecraft:open_chest":116,"minecraft:crouch_one_cm":67482,"minecraft:aviate_one_cm":18660,"minecraft:fall_one_cm":159098}},"DataVersion":3465}