{"stats":{"minecraft:crafted":{"minecraft:oak_planks":28,"minecraft:furnace":1,"minecraft:cooked_mutton":1,"minecraft:warped_planks":160,"minecraft:diamond_helmet":1,"minecraft:iron_axe":1,"minecraft:stone_pickaxe":1,"minecraft:crimson_planks":16,"minecraft:wooden_shovel":2,"minecraft:cooked_porkchop":1,"minecraft:diamond_axe":1,"minecraft:crafting_table":2,"minecraft:wooden_pickaxe":1,"minecraft:iron_sword":1,"minecraft:stone_axe":1,"minecraft:acacia_boat":1,"minecraft:air":0,"minecraft:iron_chestplate":1,"minecraft:diamond_pickaxe":1,"minecraft:shield":1,"minecraft:stick":24,"minecraft:iron_ingot":31,"minecraft:iron_pickaxe":1,"minecraft:wooden_axe":1,"minecraft:iron_leggings":1,"minecraft:gold_ingot":11,"minecraft:acacia_planks":24,"minecraft:diamond_chestplate":1},"minecraft:custom":{"minecraft:mob_kills":39,"minecraft:interact_with_crafting_table":25,"minecraft:time_since_death":20346,"minecraft:climb_one_cm":141,"minecraft:sprint_one_cm":260614,"minecraft:walk_one_cm":211657,"minecraft:damage_blocked_by_shield":3143,"minecraft:drop":20,"minecraft:play_time":83980,"minecraft:deaths":6,"minecraft:sneak_time":6784,"minecraft:walk_under_water_one_cm":14460,"minecraft:boat_one_cm":153176,"minecraft:jump":2460,"minecraft:walk_on_water_one_cm":25798,"minecraft:enchant_item":6,"minecraft:total_world_time":83980,"minecraft:interact_with_furnace":40,"minecraft:time_since_rest":20376,"minecraft:damage_taken":1814,"minecraft:damage_dealt":5012,"minecraft:swim_one_cm":12459,"minecraft:fly_one_cm":495054,"minecraft:crouch_one_cm":21735,"minecraft:fall_one_cm":82195},"minecraft:killed":{"minecraft:armadillo":5,"minecraft:spider":3,"minecraft:skeleton":5,"minecraft:chicken":1,"minecraft:pig":12,"minecraft:zombie":6,"minecraft:donkey":1,"minecraft:cow":6},"minecraft:dropped":{"minecraft:crimson_planks":11,"minecraft:golden_boots":1,"minecraft:iron_ingot":3,"minecraft:wheat_seeds":2,"minecraft:warped_fungus":1,"minecraft:lapis_lazuli":56,"minecraft:golden_helmet":2,"minecraft:wooden_axe":1,"minecraft:acacia_planks":7,"minecraft:raw_copper":4,"minecraft:rotten_flesh":3,"minecraft:azure_bluet":1,"minecraft:shield":1,"minecraft:wooden_pickaxe":1},"minecraft:broken":{"minecraft:golden_boots":1,"minecraft:shield":1},"minecraft:used":{"minecraft:shield":43,"minecraft:iron_sword":36,"minecraft:tuff":5,"minecraft:obsidian":1,"minecraft:shroomlight":2,"minecraft:wooden_axe":1,"minecraft:iron_axe":10,"minecraft:beef":3,"minecraft:warped_fungus":1,"minecraft:furnace":1,"minecraft:cooked_beef":2,"minecraft:cobbled_deepslate":16,"minecraft:cooked_mutton":1,"minecraft:acacia_boat":3,"minecraft:stone_pickaxe":19,"minecraft:wooden_pickaxe":20,"minecraft:diamond_axe":130,"minecraft:crafting_table":3,"minecraft:warped_planks":160,"minecraft:diamond_pickaxe":206,"minecraft:iron_pickaxe":41,"minecraft:stone_axe":3,"minecraft:cobblestone":23,"minecraft:cooked_porkchop":4,"minecraft:porkchop":7},"minecraft:mined":{"minecraft:nether_gold_ore":13,"minecraft:tuff":10,"minecraft:deepslate_diamond_ore":20,"minecraft:obsidian":1,"minecraft:glow_lichen":1,"minecraft:acacia_log":6,"minecraft:crimson_stem":4,"minecraft:magma_block":1,"minecraft:nether_sprouts":1,"minecraft:iron_ore":17,"minecraft:pumpkin":5,"minecraft:deepslate_lapis_ore":11,"minecraft:twisting_vines":1,"minecraft:deepslate_iron_ore":29,"minecraft:shroomlight":2,"minecraft:warped_stem":41,"minecraft:stone":22,"minecraft:deepslate_redstone_ore":70,"minecraft:twisting_vines_plant":1,"minecraft:crafting_table":2,"minecraft:short_grass":16,"minecraft:warped_roots":1,"minecraft:copper_ore":2,"minecraft:deepslate_gold_ore":42,"minecraft:deepslate_copper_ore":4,"minecraft:warped_nylium":1,"minecraft:warped_fungus":2,"minecraft:oak_log":7,"minecraft:coal_ore":10,"minecraft:netherrack":3,"minecraft:gold_ore":1,"minecraft:deepslate":25},"minecraft:killed_by":{"minecraft:player":1,"minecraft:skeleton":3,"minecraft:zombie":1},"minecraft:picked_up":{"minecraft:wooden_axe":2,"minecraft:crafting_table":2,"minecraft:azure_bluet":2,"minecraft:chicken":1,"minecraft:wooden_pickaxe":4,"minecraft:nether_brick":1,"minecraft:shield":2,"minecraft:cornflower":1,"minecraft:string":2,"minecraft:raw_copper":21,"minecraft:iron_leggings":1,"minecraft:shroomlight":2,"minecraft:gold_nugget":43,"minecraft:cobbled_deepslate":28,"minecraft:beef":10,"minecraft:iron_pickaxe":1,"minecraft:golden_helmet":2,"minecraft:stick":6,"minecraft:raw_iron":48,"minecraft:oak_door":6,"minecraft:acacia_log":6,"minecraft:porkchop":22,"minecraft:redstone":422,"minecraft:rotten_flesh":3,"minecraft:arrow":3,"minecraft:diamond_chestplate":1,"minecraft:mutton":10,"minecraft:obsidian":1,"minecraft:cobblestone":52,"minecraft:oxeye_daisy":1,"minecraft:magma_block":1,"minecraft:cooked_beef":2,"minecraft:crimson_stem":4,"minecraft:leather":4,"minecraft:flint":1,"minecraft:tuff":13,"minecraft:oak_log":7,"minecraft:golden_boots":3,"minecraft:acacia_boat":3,"minecraft:lapis_lazuli":124,"minecraft:bone":5,"minecraft:bow":1,"minecraft:wheat_seeds":2,"minecraft:raw_gold":43,"minecraft:warped_stem":40,"minecraft:stone_pickaxe":2,"minecraft:diamond_helmet":1,"minecraft:oak_planks":28,"minecraft:iron_sword":1,"minecraft:warped_fungus":2,"minecraft:cooked_porkchop":3,"minecraft:pumpkin":3,"minecraft:dandelion":2,"minecraft:spider_eye":1,"minecraft:diamond":19,"minecraft:stone_axe":1,"minecraft:diamond_axe":1,"minecraft:warped_roots":1,"minecraft:netherrack":9,"minecraft:coal":20,"minecraft:diamond_pickaxe":1}},"DataVersion":3953}