{"stats":{"minecraft:crafted":{"minecraft:oak_planks":28,"minecraft:cooked_porkchop":1,"minecraft:crafting_table":1,"minecraft:wooden_pickaxe":1,"minecraft:iron_sword":1,"minecraft:furnace":1,"minecraft:stone_axe":1,"minecraft:cooked_mutton":1,"minecraft:air":0,"minecraft:iron_chestplate":1,"minecraft:diamond_pickaxe":1,"minecraft:shield":1,"minecraft:iron_axe":1,"minecraft:stick":12,"minecraft:iron_ingot":20,"minecraft:iron_pickaxe":1,"minecraft:stone_pickaxe":1,"minecraft:wooden_axe":1},"minecraft:custom":{"minecraft:interact_with_furnace":24,"minecraft:mob_kills":8,"minecraft:interact_with_crafting_table":17,"minecraft:time_since_death":164,"minecraft:time_since_rest":196,"minecraft:sprint_one_cm":103547,"minecraft:damage_taken":942,"minecraft:walk_one_cm":87488,"minecraft:damage_blocked_by_shield":2438,"minecraft:drop":2,"minecraft:damage_dealt":1311,"minecraft:swim_one_cm":8393,"minecraft:fly_one_cm":186871,"minecraft:crouch_one_cm":11892,"minecraft:play_time":35980,"minecraft:deaths":3,"minecraft:sneak_time":3783,"minecraft:walk_under_water_one_cm":6001,"minecraft:jump":1060,"minecraft:walk_on_water_one_cm":13199,"minecraft:total_world_time":35980,"minecraft:fall_one_cm":38914},"minecraft:killed":{"minecraft:spider":1,"minecraft:skeleton":4,"minecraft:zombie":3},"minecraft:dropped":{"minecraft:iron_ingot":3,"minecraft:shield":1},"minecraft:mined":{"minecraft:deepslate_redstone_ore":61,"minecraft:tuff":6,"minecraft:deepslate_diamond_ore":14,"minecraft:crafting_table":2,"minecraft:glow_lichen":1,"minecraft:copper_ore":2,"minecraft:deepslate_gold_ore":24,"minecraft:magma_block":1,"minecraft:iron_ore":9,"minecraft:deepslate_lapis_ore":11,"minecraft:coal_ore":10,"minecraft:oak_log":7,"minecraft:deepslate_iron_ore":25,"minecraft:stone":22,"minecraft:gold_ore":1,"minecraft:deepslate":18},"minecraft:used":{"minecraft:cooked_mutton":1,"minecraft:stone_pickaxe":19,"minecraft:wooden_pickaxe":20,"minecraft:shield":29,"minecraft:iron_sword":15,"minecraft:crafting_table":2,"minecraft:tuff":5,"minecraft:wooden_axe":1,"minecraft:diamond_pickaxe":125,"minecraft:iron_axe":10,"minecraft:iron_pickaxe":41,"minecraft:stone_axe":3,"minecraft:cobblestone":23,"minecraft:furnace":1,"minecraft:cooked_porkchop":4,"minecraft:cobbled_deepslate":16},"minecraft:killed_by":{"minecraft:skeleton":2,"minecraft:zombie":1},"minecraft:picked_up":{"minecraft:wooden_axe":1,"minecraft:magma_block":1,"minecraft:crafting_table":2,"minecraft:wooden_pickaxe":2,"minecraft:flint":1,"minecraft:tuff":6,"minecraft:oak_log":7,"minecraft:shield":1,"minecraft:lapis_lazuli":78,"minecraft:raw_copper":4,"minecraft:bone":4,"minecraft:bow":1,"minecraft:cobbled_deepslate":21,"minecraft:raw_gold":25,"minecraft:stone_pickaxe":1,"minecraft:oak_planks":28,"minecraft:raw_iron":36,"minecraft:stick":6,"minecraft:oak_door":3,"minecraft:cooked_porkchop":3,"minecraft:redstone":254,"minecraft:arrow":3,"minecraft:diamond":13,"minecraft:stone_axe":1,"minecraft:mutton":10,"minecraft:coal":20,"minecraft:cobblestone":52}},"DataVersion":3953}