{"stats":{"minecraft:crafted":{"minecraft:crimson_planks":16,"minecraft:oak_planks":28,"minecraft:wooden_shovel":2,"minecraft:cooked_porkchop":1,"minecraft:diamond_axe":1,"minecraft:crafting_table":2,"minecraft:wooden_pickaxe":1,"minecraft:iron_sword":1,"minecraft:furnace":1,"minecraft:stone_axe":1,"minecraft:cooked_mutton":1,"minecraft:air":0,"minecraft:warped_planks":160,"minecraft:diamond_helmet":1,"minecraft:iron_chestplate":1,"minecraft:diamond_pickaxe":1,"minecraft:shield":1,"minecraft:iron_axe":1,"minecraft:stick":24,"minecraft:iron_ingot":31,"minecraft:iron_pickaxe":1,"minecraft:stone_pickaxe":1,"minecraft:wooden_axe":1,"minecraft:gold_ingot":11,"minecraft:iron_leggings":1,"minecraft:acacia_planks":24,"minecraft:diamond_chestplate":1},"minecraft:custom":{"minecraft:interact_with_furnace":40,"minecraft:mob_kills":28,"minecraft:interact_with_crafting_table":24,"minecraft:time_since_death":8346,"minecraft:time_since_rest":8376,"minecraft:sprint_one_cm":212717,"minecraft:damage_taken":1775,"minecraft:walk_one_cm":202826,"minecraft:damage_blocked_by_shield":3143,"minecraft:drop":16,"minecraft:damage_dealt":3912,"minecraft:swim_one_cm":11131,"minecraft:fly_one_cm":371060,"minecraft:crouch_one_cm":21735,"minecraft:play_time":71980,"minecraft:deaths":6,"minecraft:sneak_time":6765,"minecraft:walk_under_water_one_cm":14263,"minecraft:jump":2035,"minecraft:walk_on_water_one_cm":24158,"minecraft:enchant_item":6,"minecraft:total_world_time":71980,"minecraft:fall_one_cm":68436},"minecraft:killed":{"minecraft:armadillo":5,"minecraft:pig":5,"minecraft:spider":3,"minecraft:skeleton":5,"minecraft:donkey":1,"minecraft:zombie":6,"minecraft:chicken":1,"minecraft:cow":2},"minecraft:dropped":{"minecraft:golden_boots":1,"minecraft:iron_ingot":3,"minecraft:lapis_lazuli":56,"minecraft:golden_helmet":2,"minecraft:raw_copper":4,"minecraft:rotten_flesh":3,"minecraft:azure_bluet":1,"minecraft:shield":1,"minecraft:wooden_axe":1,"minecraft:wooden_pickaxe":1},"minecraft:broken":{"minecraft:shield":1,"minecraft:golden_boots":1},"minecraft:used":{"minecraft:cooked_mutton":1,"minecraft:stone_pickaxe":19,"minecraft:wooden_pickaxe":20,"minecraft:shield":43,"minecraft:iron_sword":36,"minecraft:diamond_axe":103,"minecraft:crafting_table":3,"minecraft:tuff":5,"minecraft:warped_planks":160,"minecraft:obsidian":1,"minecraft:shroomlight":2,"minecraft:wooden_axe":1,"minecraft:diamond_pickaxe":206,"minecraft:iron_axe":10,"minecraft:iron_pickaxe":41,"minecraft:beef":3,"minecraft:stone_axe":3,"minecraft:warped_fungus":1,"minecraft:cobblestone":23,"minecraft:furnace":1,"minecraft:cooked_porkchop":4,"minecraft:cooked_beef":2,"minecraft:cobbled_deepslate":16},"minecraft:mined":{"minecraft:nether_gold_ore":13,"minecraft:deepslate_redstone_ore":70,"minecraft:tuff":10,"minecraft:deepslate_diamond_ore":20,"minecraft:twisting_vines_plant":1,"minecraft:obsidian":1,"minecraft:crafting_table":2,"minecraft:glow_lichen":1,"minecraft:short_grass":10,"minecraft:acacia_log":6,"minecraft:warped_roots":1,"minecraft:copper_ore":2,"minecraft:deepslate_gold_ore":42,"minecraft:crimson_stem":4,"minecraft:deepslate_copper_ore":4,"minecraft:warped_nylium":1,"minecraft:magma_block":1,"minecraft:nether_sprouts":1,"minecraft:iron_ore":17,"minecraft:warped_fungus":2,"minecraft:deepslate_lapis_ore":11,"minecraft:twisting_vines":1,"minecraft:shroomlight":2,"minecraft:coal_ore":10,"minecraft:oak_log":7,"minecraft:deepslate_iron_ore":29,"minecraft:warped_stem":41,"minecraft:stone":22,"minecraft:netherrack":3,"minecraft:gold_ore":1,"minecraft:deepslate":25},"minecraft:killed_by":{"minecraft:player":1,"minecraft:skeleton":3,"minecraft:zombie":1},"minecraft:picked_up":{"minecraft:wooden_axe":2,"minecraft:magma_block":1,"minecraft:crafting_table":2,"minecraft:azure_bluet":2,"minecraft:cooked_beef":2,"minecraft:chicken":1,"minecraft:crimson_stem":4,"minecraft:leather":2,"minecraft:wooden_pickaxe":4,"minecraft:nether_brick":1,"minecraft:flint":1,"minecraft:tuff":13,"minecraft:oak_log":7,"minecraft:golden_boots":3,"minecraft:shield":2,"minecraft:cornflower":1,"minecraft:lapis_lazuli":124,"minecraft:string":2,"minecraft:raw_copper":21,"minecraft:iron_leggings":1,"minecraft:bone":5,"minecraft:shroomlight":2,"minecraft:bow":1,"minecraft:wheat_seeds":1,"minecraft:warped_stem":40,"minecraft:gold_nugget":43,"minecraft:cobbled_deepslate":28,"minecraft:raw_gold":43,"minecraft:beef":3,"minecraft:stone_pickaxe":2,"minecraft:iron_pickaxe":1,"minecraft:diamond_helmet":1,"minecraft:iron_sword":1,"minecraft:oak_planks":28,"minecraft:warped_fungus":2,"minecraft:golden_helmet":2,"minecraft:raw_iron":48,"minecraft:stick":6,"minecraft:oak_door":6,"minecraft:cooked_porkchop":3,"minecraft:acacia_log":6,"minecraft:dandelion":2,"minecraft:porkchop":7,"minecraft:redstone":422,"minecraft:spider_eye":1,"minecraft:diamond_chestplate":1,"minecraft:arrow":3,"minecraft:rotten_flesh":3,"minecraft:diamond":19,"minecraft:stone_axe":1,"minecraft:diamond_axe":1,"minecraft:warped_roots":1,"minecraft:netherrack":9,"minecraft:obsidian":1,"minecraft:mutton":10,"minecraft:coal":20,"minecraft:diamond_pickaxe":1,"minecraft:cobblestone":52,"minecraft:oxeye_daisy":1}},"DataVersion":3953}