{"stats":{"minecraft:killed_by":{"minecraft:zombie":1},"minecraft:custom":{"minecraft:interact_with_anvil":2,"minecraft:mob_kills":23,"minecraft:interact_with_crafting_table":7,"minecraft:leave_game":4,"minecraft:time_since_death":78340,"minecraft:sleep_in_bed":2,"minecraft:time_since_rest":50499,"minecraft:sprint_one_cm":226845,"minecraft:damage_taken":748,"minecraft:walk_one_cm":340460,"minecraft:damage_blocked_by_shield":1790,"minecraft:drop":1,"minecraft:damage_dealt":4303,"minecraft:fly_one_cm":199302,"minecraft:open_chest":33,"minecraft:crouch_one_cm":26589,"minecraft:play_time":79699,"minecraft:deaths":1,"minecraft:sneak_time":7517,"minecraft:walk_under_water_one_cm":751,"minecraft:jump":2193,"minecraft:interact_with_brewingstand":1,"minecraft:walk_on_water_one_cm":11329,"minecraft:total_world_time":79699,"minecraft:fall_one_cm":55655},"minecraft:dropped":{"minecraft:diamond":5},"minecraft:picked_up":{"minecraft:birch_log":2,"minecraft:glow_ink_sac":2,"minecraft:andesite":19,"minecraft:tuff":16,"minecraft:nether_brick":13,"minecraft:lapis_lazuli":117,"minecraft:string":5,"minecraft:dirt":1,"minecraft:raw_copper":128,"minecraft:bone":10,"minecraft:wheat_seeds":2,"minecraft:cobbled_deepslate":95,"minecraft:raw_gold":51,"minecraft:oak_planks":1,"minecraft:raw_iron":67,"minecraft:dripstone_block":1,"minecraft:pointed_dripstone":1,"minecraft:carrot":40,"minecraft:redstone":277,"minecraft:spider_eye":1,"minecraft:arrow":5,"minecraft:rotten_flesh":10,"minecraft:diamond":5,"minecraft:granite":13,"minecraft:netherrack":10,"minecraft:obsidian":1,"minecraft:cobblestone":144},"minecraft:crafted":{"minecraft:diamond_sword":1,"minecraft:birch_planks":8,"minecraft:diamond_leggings":1,"minecraft:diamond_pickaxe":1,"minecraft:shield":1,"minecraft:stick":4,"minecraft:diamond_chestplate":1},"minecraft:mined":{"minecraft:deepslate_redstone_ore":63,"minecraft:tuff":16,"minecraft:deepslate_diamond_ore":5,"minecraft:obsidian":1,"minecraft:granite":13,"minecraft:grass_block":1,"minecraft:cobblestone":2,"minecraft:copper_ore":18,"minecraft:deepslate_gold_ore":48,"minecraft:oak_planks":1,"minecraft:deepslate_copper_ore":21,"minecraft:carrots":24,"minecraft:birch_log":2,"minecraft:iron_ore":8,"minecraft:andesite":2,"minecraft:deepslate_lapis_ore":17,"minecraft:grass":2,"minecraft:deepslate_iron_ore":60,"minecraft:dripstone_block":1,"minecraft:stone":98,"minecraft:gold_ore":3,"minecraft:deepslate":86},"minecraft:used":{"minecraft:diamond_boots":1,"minecraft:oak_planks":1,"minecraft:shield":36,"minecraft:netherrack":9,"minecraft:carrot":40,"minecraft:diamond_helmet":1,"minecraft:tuff":9,"minecraft:diamond_pickaxe":462,"minecraft:apple":11,"minecraft:diamond_sword":73,"minecraft:cobblestone":30,"minecraft:andesite":12},"minecraft:killed":{"minecraft:spider":4,"minecraft:bat":1,"minecraft:skeleton":7,"minecraft:zombie":11}},"DataVersion":3465}