{"stats":{"minecraft:killed_by":{"minecraft:zombie":1},"minecraft:custom":{"minecraft:interact_with_furnace":11,"minecraft:interact_with_anvil":2,"minecraft:mob_kills":28,"minecraft:animals_bred":1,"minecraft:interact_with_crafting_table":12,"minecraft:leave_game":4,"minecraft:time_since_death":114340,"minecraft:sleep_in_bed":2,"minecraft:time_since_rest":86499,"minecraft:sprint_one_cm":329250,"minecraft:damage_taken":774,"minecraft:walk_one_cm":531593,"minecraft:damage_blocked_by_shield":1790,"minecraft:drop":1,"minecraft:damage_dealt":4623,"minecraft:swim_one_cm":31633,"minecraft:talked_to_villager":8,"minecraft:fly_one_cm":296500,"minecraft:open_chest":62,"minecraft:crouch_one_cm":26799,"minecraft:play_time":115699,"minecraft:deaths":1,"minecraft:sneak_time":7705,"minecraft:walk_under_water_one_cm":10227,"minecraft:jump":2787,"minecraft:interact_with_brewingstand":1,"minecraft:interact_with_blast_furnace":1,"minecraft:walk_on_water_one_cm":22421,"minecraft:total_world_time":115699,"minecraft:fall_one_cm":63094},"minecraft:dropped":{"minecraft:diamond":5},"minecraft:picked_up":{"minecraft:birch_log":2,"minecraft:salmon":4,"minecraft:glow_ink_sac":2,"minecraft:andesite":19,"minecraft:tuff":16,"minecraft:nether_brick":13,"minecraft:lapis_lazuli":117,"minecraft:string":5,"minecraft:dirt":11,"minecraft:raw_copper":128,"minecraft:bone":10,"minecraft:wheat_seeds":10,"minecraft:cobbled_deepslate":95,"minecraft:raw_gold":51,"minecraft:oak_planks":1,"minecraft:raw_iron":67,"minecraft:dripstone_block":1,"minecraft:pointed_dripstone":1,"minecraft:carrot":175,"minecraft:redstone":277,"minecraft:spider_eye":1,"minecraft:cauldron":1,"minecraft:arrow":5,"minecraft:rotten_flesh":10,"minecraft:diamond":5,"minecraft:polished_diorite":4,"minecraft:granite":13,"minecraft:netherrack":10,"minecraft:obsidian":1,"minecraft:cobblestone":151},"minecraft:crafted":{"minecraft:diamond_sword":1,"minecraft:cauldron":1,"minecraft:bucket":1,"minecraft:birch_planks":8,"minecraft:air":0,"minecraft:diamond_leggings":1,"minecraft:diamond_pickaxe":1,"minecraft:shield":1,"minecraft:stick":4,"minecraft:iron_ingot":11,"minecraft:netherite_scrap":32,"minecraft:diamond_chestplate":1},"minecraft:mined":{"minecraft:deepslate_redstone_ore":63,"minecraft:tuff":16,"minecraft:deepslate_diamond_ore":5,"minecraft:obsidian":1,"minecraft:granite":13,"minecraft:grass_block":1,"minecraft:tall_grass":1,"minecraft:cobblestone":8,"minecraft:copper_ore":18,"minecraft:polished_diorite":4,"minecraft:deepslate_gold_ore":48,"minecraft:oak_planks":1,"minecraft:cauldron":1,"minecraft:deepslate_copper_ore":21,"minecraft:seagrass":1,"minecraft:carrots":156,"minecraft:birch_log":2,"minecraft:iron_ore":8,"minecraft:wheat":8,"minecraft:andesite":2,"minecraft:deepslate_lapis_ore":17,"minecraft:grass":2,"minecraft:deepslate_iron_ore":60,"minecraft:dripstone_block":1,"minecraft:stone":99,"minecraft:gold_ore":3,"minecraft:deepslate":86},"minecraft:used":{"minecraft:wheat_seeds":5,"minecraft:water_bucket":8,"minecraft:diorite":2,"minecraft:diamond_boots":1,"minecraft:oak_planks":1,"minecraft:shield":36,"minecraft:cauldron":1,"minecraft:netherrack":9,"minecraft:carrot":118,"minecraft:diamond_helmet":1,"minecraft:salmon_bucket":13,"minecraft:tuff":9,"minecraft:polished_diorite":4,"minecraft:diamond_pickaxe":479,"minecraft:apple":11,"minecraft:diamond_sword":84,"minecraft:cobblestone":37,"minecraft:bucket":21,"minecraft:andesite":12,"minecraft:potato":1},"minecraft:killed":{"minecraft:salmon":4,"minecraft:spider":4,"minecraft:bat":1,"minecraft:skeleton":7,"minecraft:zombie":12}},"DataVersion":3465}