{"stats":{"minecraft:killed_by":{"minecraft:zombie":1},"minecraft:killed":{"minecraft:skeleton":5,"minecraft:zombie":5,"minecraft:spider":2,"minecraft:bat":1},"minecraft:custom":{"minecraft:time_since_rest":26499,"minecraft:sprint_one_cm":134890,"minecraft:damage_taken":584,"minecraft:walk_one_cm":239637,"minecraft:damage_blocked_by_shield":855,"minecraft:interact_with_anvil":2,"minecraft:mob_kills":13,"minecraft:damage_dealt":2533,"minecraft:interact_with_crafting_table":7,"minecraft:fly_one_cm":152178,"minecraft:open_chest":31,"minecraft:crouch_one_cm":14253,"minecraft:play_time":55699,"minecraft:deaths":1,"minecraft:sneak_time":4274,"minecraft:walk_under_water_one_cm":751,"minecraft:jump":1574,"minecraft:interact_with_brewingstand":1,"minecraft:leave_game":4,"minecraft:walk_on_water_one_cm":6009,"minecraft:time_since_death":54340,"minecraft:sleep_in_bed":2,"minecraft:total_world_time":55699,"minecraft:fall_one_cm":42225},"minecraft:used":{"minecraft:diamond_pickaxe":252,"minecraft:apple":11,"minecraft:diamond_boots":1,"minecraft:oak_planks":1,"minecraft:shield":23,"minecraft:netherrack":9,"minecraft:diamond_sword":42,"minecraft:cobblestone":14,"minecraft:carrot":33,"minecraft:diamond_helmet":1},"minecraft:picked_up":{"minecraft:birch_log":2,"minecraft:raw_iron":35,"minecraft:glow_ink_sac":2,"minecraft:andesite":19,"minecraft:tuff":3,"minecraft:nether_brick":13,"minecraft:pointed_dripstone":1,"minecraft:carrot":40,"minecraft:redstone":86,"minecraft:lapis_lazuli":117,"minecraft:dirt":1,"minecraft:string":3,"minecraft:raw_copper":63,"minecraft:bone":7,"minecraft:arrow":2,"minecraft:rotten_flesh":4,"minecraft:wheat_seeds":2,"minecraft:cobbled_deepslate":20,"minecraft:raw_gold":23,"minecraft:granite":13,"minecraft:netherrack":10,"minecraft:obsidian":1,"minecraft:oak_planks":1,"minecraft:cobblestone":144},"minecraft:mined":{"minecraft:deepslate_redstone_ore":19,"minecraft:tuff":3,"minecraft:carrots":24,"minecraft:birch_log":2,"minecraft:iron_ore":8,"minecraft:andesite":2,"minecraft:deepslate_lapis_ore":17,"minecraft:obsidian":1,"minecraft:granite":13,"minecraft:grass":2,"minecraft:deepslate_iron_ore":28,"minecraft:grass_block":1,"minecraft:cobblestone":2,"minecraft:copper_ore":18,"minecraft:deepslate_gold_ore":23,"minecraft:stone":98,"minecraft:oak_planks":1,"minecraft:deepslate":20},"minecraft:crafted":{"minecraft:diamond_sword":1,"minecraft:diamond_leggings":1,"minecraft:diamond_pickaxe":1,"minecraft:shield":1,"minecraft:stick":4,"minecraft:birch_planks":8,"minecraft:diamond_chestplate":1}},"DataVersion":3465}