{"stats":{"minecraft:killed_by":{"minecraft:zombie":1},"minecraft:killed":{"minecraft:skeleton":4,"minecraft:zombie":3,"minecraft:spider":2,"minecraft:bat":1},"minecraft:custom":{"minecraft:time_since_rest":22725,"minecraft:sprint_one_cm":107315,"minecraft:damage_taken":558,"minecraft:walk_one_cm":230475,"minecraft:damage_blocked_by_shield":520,"minecraft:interact_with_anvil":2,"minecraft:mob_kills":10,"minecraft:damage_dealt":1891,"minecraft:interact_with_crafting_table":7,"minecraft:fly_one_cm":130728,"minecraft:open_chest":31,"minecraft:crouch_one_cm":13497,"minecraft:play_time":51925,"minecraft:deaths":1,"minecraft:sneak_time":4092,"minecraft:walk_under_water_one_cm":751,"minecraft:jump":1468,"minecraft:interact_with_brewingstand":1,"minecraft:leave_game":3,"minecraft:walk_on_water_one_cm":2427,"minecraft:time_since_death":50566,"minecraft:sleep_in_bed":2,"minecraft:total_world_time":51925,"minecraft:fall_one_cm":38964},"minecraft:used":{"minecraft:diamond_pickaxe":233,"minecraft:apple":11,"minecraft:diamond_boots":1,"minecraft:oak_planks":1,"minecraft:shield":15,"minecraft:netherrack":9,"minecraft:diamond_sword":32,"minecraft:cobblestone":14,"minecraft:carrot":30,"minecraft:diamond_helmet":1},"minecraft:picked_up":{"minecraft:birch_log":2,"minecraft:raw_iron":34,"minecraft:glow_ink_sac":2,"minecraft:andesite":19,"minecraft:tuff":3,"minecraft:nether_brick":13,"minecraft:carrot":40,"minecraft:redstone":27,"minecraft:lapis_lazuli":117,"minecraft:dirt":1,"minecraft:string":3,"minecraft:raw_copper":63,"minecraft:bone":5,"minecraft:arrow":2,"minecraft:rotten_flesh":2,"minecraft:wheat_seeds":2,"minecraft:cobbled_deepslate":15,"minecraft:raw_gold":23,"minecraft:granite":13,"minecraft:netherrack":10,"minecraft:obsidian":1,"minecraft:oak_planks":1,"minecraft:cobblestone":144},"minecraft:mined":{"minecraft:deepslate_redstone_ore":6,"minecraft:tuff":3,"minecraft:carrots":24,"minecraft:birch_log":2,"minecraft:iron_ore":8,"minecraft:andesite":2,"minecraft:deepslate_lapis_ore":17,"minecraft:obsidian":1,"minecraft:granite":13,"minecraft:grass":2,"minecraft:deepslate_iron_ore":27,"minecraft:grass_block":1,"minecraft:cobblestone":2,"minecraft:copper_ore":18,"minecraft:deepslate_gold_ore":23,"minecraft:stone":98,"minecraft:oak_planks":1,"minecraft:deepslate":15},"minecraft:crafted":{"minecraft:diamond_sword":1,"minecraft:diamond_leggings":1,"minecraft:diamond_pickaxe":1,"minecraft:shield":1,"minecraft:stick":4,"minecraft:birch_planks":8,"minecraft:diamond_chestplate":1}},"DataVersion":3465}