{"stats":{"minecraft:used":{"minecraft:wheat_seeds":14,"minecraft:water_bucket":134,"minecraft:diorite":127,"minecraft:diamond_boots":2,"minecraft:oak_planks":1,"minecraft:blackstone":2,"minecraft:shield":49,"minecraft:cauldron":2,"minecraft:netherrack":49,"minecraft:salmon":13,"minecraft:torch":1,"minecraft:dirt":12,"minecraft:carrot":118,"minecraft:diamond_helmet":1,"minecraft:salmon_bucket":84,"minecraft:tuff":9,"minecraft:polished_diorite":6,"minecraft:diamond_pickaxe":545,"minecraft:apple":11,"minecraft:suspicious_stew":1,"minecraft:diamond_chestplate":1,"minecraft:diamond_sword":150,"minecraft:magma_block":1,"minecraft:cobblestone":133,"minecraft:cooked_porkchop":11,"minecraft:bucket":218,"minecraft:andesite":12,"minecraft:potato":1,"minecraft:seagrass":5},"minecraft:picked_up":{"minecraft:birch_log":2,"minecraft:seagrass":5,"minecraft:magma_block":2,"minecraft:wheat":3,"minecraft:suspicious_stew":1,"minecraft:glow_ink_sac":2,"minecraft:andesite":19,"minecraft:salmon":28,"minecraft:diamond_sword":1,"minecraft:tuff":16,"minecraft:nether_brick":13,"minecraft:shield":1,"minecraft:lapis_lazuli":117,"minecraft:string":5,"minecraft:dirt":31,"minecraft:raw_copper":128,"minecraft:bone":10,"minecraft:blackstone":2,"minecraft:diamond_leggings":1,"minecraft:wheat_seeds":45,"minecraft:cobbled_deepslate":95,"minecraft:raw_gold":51,"minecraft:bucket":2,"minecraft:iron_ingot":6,"minecraft:diamond_helmet":1,"minecraft:oak_planks":1,"minecraft:raw_iron":80,"minecraft:cooked_porkchop":12,"minecraft:torch":1,"minecraft:bowl":1,"minecraft:dripstone_block":1,"minecraft:gravel":8,"minecraft:pointed_dripstone":1,"minecraft:ink_sac":12,"minecraft:diorite":50,"minecraft:carrot":175,"minecraft:redstone":277,"minecraft:spider_eye":1,"minecraft:cauldron":2,"minecraft:arrow":5,"minecraft:diamond_chestplate":1,"minecraft:rotten_flesh":10,"minecraft:diamond":5,"minecraft:polished_diorite":8,"minecraft:diamond_boots":1,"minecraft:granite":13,"minecraft:bone_meal":3,"minecraft:netherrack":86,"minecraft:obsidian":1,"minecraft:cobblestone":167,"minecraft:diamond_pickaxe":1},"minecraft:dropped":{"minecraft:wheat_seeds":1,"minecraft:diamond":5},"minecraft:killed_by":{"minecraft:player":3,"minecraft:zombie":1},"minecraft:custom":{"minecraft:interact_with_furnace":18,"minecraft:interact_with_anvil":2,"minecraft:mob_kills":40,"minecraft:animals_bred":3,"minecraft:interact_with_crafting_table":14,"minecraft:open_shulker_box":2,"minecraft:bell_ring":6,"minecraft:leave_game":6,"minecraft:time_since_death":41785,"minecraft:sleep_in_bed":2,"minecraft:time_since_rest":41918,"minecraft:sprint_one_cm":543308,"minecraft:damage_taken":2063,"minecraft:walk_one_cm":784055,"minecraft:damage_blocked_by_shield":2664,"minecraft:drop":2,"minecraft:damage_dealt":5607,"minecraft:swim_one_cm":197006,"minecraft:talked_to_villager":8,"minecraft:fly_one_cm":729823,"minecraft:open_chest":70,"minecraft:crouch_one_cm":38116,"minecraft:play_time":199358,"minecraft:deaths":4,"minecraft:sneak_time":11019,"minecraft:walk_under_water_one_cm":124559,"minecraft:jump":4952,"minecraft:interact_with_brewingstand":1,"minecraft:interact_with_blast_furnace":1,"minecraft:walk_on_water_one_cm":120967,"minecraft:total_world_time":199358,"minecraft:fall_one_cm":100683},"minecraft:killed":{"minecraft:salmon":13,"minecraft:spider":5,"minecraft:iron_golem":1,"minecraft:bat":1,"minecraft:skeleton":7,"minecraft:zombie":13},"minecraft:crafted":{"minecraft:diamond_sword":1,"minecraft:cauldron":1,"minecraft:cooked_porkchop":18,"minecraft:bucket":2,"minecraft:birch_planks":8,"minecraft:air":0,"minecraft:diamond_leggings":1,"minecraft:diamond_pickaxe":1,"minecraft:shield":1,"minecraft:stick":4,"minecraft:iron_ingot":11,"minecraft:netherite_scrap":32,"minecraft:diamond_chestplate":1},"minecraft:mined":{"minecraft:deepslate_redstone_ore":63,"minecraft:tuff":16,"minecraft:blackstone":2,"minecraft:deepslate_diamond_ore":5,"minecraft:obsidian":1,"minecraft:granite":13,"minecraft:grass_block":2,"minecraft:copper_ore":18,"minecraft:tall_grass":1,"minecraft:cobblestone":14,"minecraft:polished_diorite":4,"minecraft:deepslate_gold_ore":48,"minecraft:oak_planks":1,"minecraft:diorite":3,"minecraft:cauldron":2,"minecraft:deepslate_copper_ore":21,"minecraft:seagrass":1,"minecraft:tall_seagrass":1,"minecraft:magma_block":1,"minecraft:carrots":156,"minecraft:birch_log":2,"minecraft:iron_ore":22,"minecraft:wheat":12,"minecraft:andesite":2,"minecraft:deepslate_lapis_ore":17,"minecraft:grass":2,"minecraft:deepslate_iron_ore":60,"minecraft:dripstone_block":1,"minecraft:dirt":1,"minecraft:stone":99,"minecraft:netherrack":39,"minecraft:gold_ore":3,"minecraft:deepslate":86}},"DataVersion":3465}