{"stats":{"minecraft:used":{"minecraft:wheat_seeds":14,"minecraft:water_bucket":136,"minecraft:diorite":127,"minecraft:diamond_boots":2,"minecraft:oak_planks":1,"minecraft:blackstone":2,"minecraft:shield":50,"minecraft:cauldron":2,"minecraft:netherrack":49,"minecraft:salmon":13,"minecraft:torch":3,"minecraft:dirt":37,"minecraft:cobblestone_wall":1,"minecraft:carrot":122,"minecraft:diamond_helmet":1,"minecraft:salmon_bucket":86,"minecraft:tuff":9,"minecraft:polished_diorite":6,"minecraft:diamond_pickaxe":1237,"minecraft:apple":11,"minecraft:suspicious_stew":1,"minecraft:gravel":9,"minecraft:diamond_chestplate":1,"minecraft:diamond_sword":178,"minecraft:magma_block":1,"minecraft:cobblestone":164,"minecraft:porkchop":3,"minecraft:cooked_porkchop":18,"minecraft:bucket":221,"minecraft:andesite":59,"minecraft:egg":3,"minecraft:potato":1,"minecraft:cobbled_deepslate":59,"minecraft:seagrass":5},"minecraft:picked_up":{"minecraft:birch_log":2,"minecraft:seagrass":5,"minecraft:magma_block":2,"minecraft:wheat":3,"minecraft:suspicious_stew":1,"minecraft:glow_ink_sac":2,"minecraft:andesite":39,"minecraft:salmon":29,"minecraft:diamond_sword":1,"minecraft:tuff":35,"minecraft:nether_brick":13,"minecraft:shield":1,"minecraft:cobblestone_wall":1,"minecraft:lapis_lazuli":133,"minecraft:string":5,"minecraft:dirt":45,"minecraft:raw_copper":478,"minecraft:bone":10,"minecraft:blackstone":2,"minecraft:diamond_leggings":1,"minecraft:wheat_seeds":45,"minecraft:cobbled_deepslate":180,"minecraft:raw_gold":80,"minecraft:bucket":2,"minecraft:iron_ingot":6,"minecraft:diamond_helmet":1,"minecraft:oak_planks":2,"minecraft:egg":4,"minecraft:raw_iron":114,"minecraft:cooked_porkchop":12,"minecraft:porkchop":4,"minecraft:torch":3,"minecraft:bowl":1,"minecraft:dripstone_block":6,"minecraft:gravel":9,"minecraft:pointed_dripstone":12,"minecraft:ink_sac":12,"minecraft:diorite":56,"minecraft:carrot":237,"minecraft:redstone":420,"minecraft:spider_eye":1,"minecraft:cauldron":2,"minecraft:salmon_bucket":1,"minecraft:arrow":6,"minecraft:diamond_chestplate":1,"minecraft:rotten_flesh":13,"minecraft:diamond":12,"minecraft:polished_diorite":15,"minecraft:diamond_boots":1,"minecraft:granite":24,"minecraft:bone_meal":3,"minecraft:mutton":1,"minecraft:white_wool":1,"minecraft:netherrack":86,"minecraft:obsidian":1,"minecraft:coal":108,"minecraft:rail":2,"minecraft:cobblestone":221,"minecraft:diamond_pickaxe":1},"minecraft:dropped":{"minecraft:wheat_seeds":1,"minecraft:diamond":5,"minecraft:carrot":1,"minecraft:diorite":6,"minecraft:arrow":1},"minecraft:killed_by":{"minecraft:player":3,"minecraft:zombie":1},"minecraft:custom":{"minecraft:interact_with_furnace":18,"minecraft:interact_with_anvil":2,"minecraft:mob_kills":46,"minecraft:animals_bred":64,"minecraft:interact_with_crafting_table":14,"minecraft:open_shulker_box":2,"minecraft:bell_ring":6,"minecraft:leave_game":6,"minecraft:time_since_death":119785,"minecraft:sleep_in_bed":2,"minecraft:time_since_rest":119918,"minecraft:sprint_one_cm":717975,"minecraft:damage_taken":2478,"minecraft:walk_one_cm":1451213,"minecraft:damage_blocked_by_shield":2689,"minecraft:drop":5,"minecraft:damage_dealt":6869,"minecraft:swim_one_cm":218411,"minecraft:talked_to_villager":11,"minecraft:fly_one_cm":896144,"minecraft:open_chest":98,"minecraft:crouch_one_cm":66203,"minecraft:play_time":277358,"minecraft:deaths":4,"minecraft:sneak_time":18771,"minecraft:walk_under_water_one_cm":131577,"minecraft:jump":6232,"minecraft:interact_with_brewingstand":1,"minecraft:interact_with_blast_furnace":1,"minecraft:walk_on_water_one_cm":135131,"minecraft:total_world_time":277358,"minecraft:fall_one_cm":128027},"minecraft:killed":{"minecraft:salmon":13,"minecraft:spider":6,"minecraft:iron_golem":1,"minecraft:bat":1,"minecraft:sheep":1,"minecraft:skeleton":9,"minecraft:zombie":14,"minecraft:drowned":1},"minecraft:crafted":{"minecraft:diamond_sword":1,"minecraft:cauldron":1,"minecraft:cooked_porkchop":18,"minecraft:bucket":2,"minecraft:birch_planks":8,"minecraft:air":0,"minecraft:diamond_leggings":1,"minecraft:diamond_pickaxe":1,"minecraft:shield":1,"minecraft:stick":4,"minecraft:iron_ingot":11,"minecraft:netherite_scrap":32,"minecraft:diamond_chestplate":1},"minecraft:mined":{"minecraft:deepslate_redstone_ore":96,"minecraft:tuff":35,"minecraft:blackstone":2,"minecraft:deepslate_diamond_ore":12,"minecraft:obsidian":1,"minecraft:granite":25,"minecraft:grass_block":3,"minecraft:copper_ore":120,"minecraft:tall_grass":1,"minecraft:cobblestone":15,"minecraft:polished_diorite":11,"minecraft:lapis_ore":3,"minecraft:deepslate_gold_ore":71,"minecraft:oak_planks":2,"minecraft:diorite":9,"minecraft:cauldron":2,"minecraft:deepslate_copper_ore":21,"minecraft:seagrass":1,"minecraft:tall_seagrass":1,"minecraft:magma_block":1,"minecraft:carrots":156,"minecraft:cobblestone_wall":1,"minecraft:birch_log":2,"minecraft:iron_ore":54,"minecraft:wheat":12,"minecraft:andesite":22,"minecraft:deepslate_lapis_ore":17,"minecraft:grass":2,"minecraft:pointed_dripstone":5,"minecraft:coal_ore":110,"minecraft:deepslate_iron_ore":64,"minecraft:gravel":1,"minecraft:dripstone_block":6,"minecraft:dirt":16,"minecraft:stone":153,"minecraft:netherrack":39,"minecraft:gold_ore":9,"minecraft:deepslate":326}},"DataVersion":3465}