{"stats":{"minecraft:crafted":{"minecraft:oak_planks":28,"minecraft:iron_chestplate":1,"minecraft:diamond_pickaxe":1,"minecraft:cooked_porkchop":1,"minecraft:shield":1,"minecraft:iron_axe":1,"minecraft:crafting_table":1,"minecraft:stick":12,"minecraft:iron_ingot":20,"minecraft:wooden_pickaxe":1,"minecraft:iron_pickaxe":1,"minecraft:stone_pickaxe":1,"minecraft:wooden_axe":1,"minecraft:iron_sword":1,"minecraft:furnace":1,"minecraft:stone_axe":1,"minecraft:cooked_mutton":1,"minecraft:air":0},"minecraft:custom":{"minecraft:time_since_rest":16713,"minecraft:interact_with_furnace":24,"minecraft:sprint_one_cm":70945,"minecraft:damage_taken":518,"minecraft:walk_one_cm":47538,"minecraft:damage_blocked_by_shield":1226,"minecraft:mob_kills":4,"minecraft:drop":2,"minecraft:damage_dealt":683,"minecraft:swim_one_cm":8393,"minecraft:interact_with_crafting_table":17,"minecraft:fly_one_cm":149377,"minecraft:crouch_one_cm":4890,"minecraft:play_time":23980,"minecraft:deaths":1,"minecraft:sneak_time":1800,"minecraft:walk_under_water_one_cm":6001,"minecraft:jump":772,"minecraft:time_since_death":16601,"minecraft:walk_on_water_one_cm":10230,"minecraft:total_world_time":23980,"minecraft:fall_one_cm":31385},"minecraft:killed":{"minecraft:skeleton":3,"minecraft:zombie":1},"minecraft:dropped":{"minecraft:iron_ingot":3,"minecraft:shield":1},"minecraft:used":{"minecraft:wooden_axe":1,"minecraft:diamond_pickaxe":10,"minecraft:iron_axe":9,"minecraft:stone_pickaxe":19,"minecraft:iron_pickaxe":41,"minecraft:shield":6,"minecraft:wooden_pickaxe":20,"minecraft:stone_axe":3,"minecraft:crafting_table":2,"minecraft:furnace":1,"minecraft:cooked_porkchop":4},"minecraft:mined":{"minecraft:deepslate_redstone_ore":17,"minecraft:deepslate_diamond_ore":4,"minecraft:iron_ore":8,"minecraft:deepslate_lapis_ore":5,"minecraft:crafting_table":2,"minecraft:oak_log":7,"minecraft:coal_ore":10,"minecraft:deepslate_iron_ore":8,"minecraft:deepslate_gold_ore":12,"minecraft:stone":21,"minecraft:gold_ore":1,"minecraft:deepslate":4},"minecraft:killed_by":{"minecraft:skeleton":1},"minecraft:picked_up":{"minecraft:wooden_axe":1,"minecraft:stick":6,"minecraft:raw_iron":18,"minecraft:crafting_table":2,"minecraft:cooked_porkchop":3,"minecraft:oak_door":3,"minecraft:wooden_pickaxe":2,"minecraft:oak_log":7,"minecraft:shield":1,"minecraft:redstone":71,"minecraft:lapis_lazuli":38,"minecraft:bone":2,"minecraft:arrow":3,"minecraft:diamond":4,"minecraft:bow":1,"minecraft:stone_axe":1,"minecraft:cobbled_deepslate":5,"minecraft:raw_gold":13,"minecraft:stone_pickaxe":1,"minecraft:mutton":10,"minecraft:oak_planks":28,"minecraft:coal":20,"minecraft:cobblestone":51}},"DataVersion":3953}