{"stats":{"minecraft:used":{"minecraft:oak_planks":21,"minecraft:sugar_cane":7,"minecraft:mutton":3,"minecraft:cobblestone":9,"minecraft:cooked_beef":2},"minecraft:mined":{"minecraft:short_grass":5,"minecraft:oak_log":5,"minecraft:oak_planks":1,"minecraft:sugar_cane":4,"minecraft:oak_leaves":4},"minecraft:crafted":{"minecraft:cooked_beef":3,"minecraft:oak_planks":20,"minecraft:iron_ingot":1,"minecraft:cooked_mutton":2,"minecraft:air":0},"minecraft:picked_up":{"minecraft:crafting_table":1,"minecraft:ladder":1,"minecraft:leather":2,"minecraft:oak_log":5,"minecraft:iron_ingot":24,"minecraft:beef":3,"minecraft:gray_wool":1,"minecraft:light_gray_wool":2,"minecraft:coal":9,"minecraft:sugar_cane":7,"minecraft:mutton":5,"minecraft:oak_planks":1,"minecraft:cobblestone":9,"minecraft:furnace":1},"minecraft:killed":{"minecraft:sheep":3,"minecraft:cow":1},"minecraft:custom":{"minecraft:time_since_rest":19957,"minecraft:interact_with_furnace":4,"minecraft:sprint_one_cm":12825,"minecraft:damage_taken":210,"minecraft:walk_one_cm":37573,"minecraft:mob_kills":4,"minecraft:damage_dealt":480,"minecraft:fly_one_cm":20685,"minecraft:open_chest":8,"minecraft:crouch_one_cm":673,"minecraft:play_time":19957,"minecraft:sneak_time":302,"minecraft:jump":216,"minecraft:leave_game":3,"minecraft:time_since_death":19957,"minecraft:walk_on_water_one_cm":692,"minecraft:total_world_time":19957,"minecraft:climb_one_cm":2332,"minecraft:fall_one_cm":3936}},"DataVersion":3953}